date,Settle
2012-04-23,1144.6800537109375
2012-04-24,1143.1300048828125
2012-04-25,1141.5550537109375
2012-04-26,1141.89501953125
2012-04-27,1141.8050537109375
2012-04-30,1140.6180419921875
2012-05-01,1066.969970703125
2012-05-02,1059.2850341796875
2012-05-03,1054.2449951171875
2012-05-04,1036.4200439453125
2012-05-07,1036.25
2012-05-08,1037.800048828125
2012-05-09,1040.18994140625
2012-05-10,1033.0400390625
2012-05-11,1032.10498046875
2012-05-14,1030.0450439453125
2012-05-15,1022.9199829101562
2012-05-16,1018.35498046875
2012-05-17,1010.97998046875
2012-05-18,1014.97998046875
2012-05-21,1021.5999755859375
2012-05-22,1024.3299560546875
2012-05-23,1019.22998046875
2012-05-24,1019.9349975585938
2012-05-25,1021.5599975585938
2012-05-29,1021.864990234375
2012-05-30,1020.2999877929688
2012-05-31,1019.0230102539062
2012-06-01,928.905029296875
2012-06-04,932.260009765625
2012-06-05,932.02001953125
2012-06-06,949.1799926757812
2012-06-07,933.0999755859375
2012-06-08,929.344970703125
2012-06-11,927.4000244140625
2012-06-12,925.0250244140625
2012-06-13,928.9000244140625
2012-06-14,936.85498046875
2012-06-15,940.2550048828125
2012-06-18,934.969970703125
2012-06-19,930.9299926757812
2012-06-20,925.9400024414062
2012-06-21,925.0499877929688
2012-06-22,920.719970703125
2012-06-25,927.4550170898438
2012-06-26,928.9459838867188
2012-06-27,928.4089965820312
2012-06-28,926.822998046875
2012-06-29,928.2369995117188
2012-07-02,933.5499877929688
2012-07-03,966.0650024414062
2012-07-05,970.2550048828125
2012-07-06,963.0499877929688
2012-07-09,968.77001953125
2012-07-10,958.1099853515625
2012-07-11,965.385009765625
2012-07-12,970.8300170898438
2012-07-13,976.739990234375
2012-07-16,984.0900268554688
2012-07-17,984.8599853515625
2012-07-18,989.6849975585938
2012-07-19,992.9149780273438
2012-07-20,991.510009765625
2012-07-23,981.094970703125
2012-07-24,978.25
2012-07-25,975.4949951171875
2012-07-26,977.6649780273438
2012-07-27,979.02001953125
2012-07-30,979.5499877929688
2012-07-31,979.2899780273438
2012-08-01,994.5750122070312
2012-08-02,1005.3499755859375
2012-08-03,1024.6400146484375
2012-08-06,1019.7899780273438
2012-08-07,1039.06005859375
2012-08-08,1044.85498046875
2012-08-09,1049.6400146484375
2012-08-10,1054.905029296875
2012-08-13,1060.010009765625
2012-08-14,1059.4949951171875
2012-08-15,1082.0899658203125
2012-08-16,1090.18994140625
2012-08-17,1076.1300048828125
2012-08-20,1076.2049560546875
2012-08-21,1078.9649658203125
2012-08-22,1078.635009765625
2012-08-23,1080.0050048828125
2012-08-27,1074.300048828125
2012-08-28,1071.489990234375
2012-08-29,1071.52001953125
2012-08-30,1071.14501953125
2012-08-31,1071.7840576171875
2012-09-04,1108.60498046875
2012-09-05,1098.1500244140625
2012-09-06,1117.3399658203125
2012-09-07,1128.1400146484375
2012-09-10,1125.18994140625
2012-09-11,1122.2349853515625
2012-09-12,1134.31494140625
2012-09-13,1120.93505859375
2012-09-14,1128.8499755859375
2012-09-17,1120.594970703125
2012-09-18,1114.68505859375
2012-09-19,1104.3499755859375
2012-09-20,1110.7099609375
2012-09-21,1116.0450439453125
2012-09-24,1115.68994140625
2012-09-25,1115.675048828125
2012-09-26,1116.739990234375
2012-09-27,1117.18994140625
2012-09-28,1116.3499755859375
2012-10-01,1077.3349609375
2012-10-02,1059.2099609375
2012-10-03,1023.2750244140625
2012-10-04,1077.010009765625
2012-10-05,1078.4200439453125
2012-10-08,1074.85498046875
2012-10-09,1087.6199951171875
2012-10-10,1087.199951171875
2012-10-11,1087.22998046875
2012-10-12,1069.4449462890625
2012-10-15,1057.1800537109375
2012-10-16,1051.5849609375
2012-10-17,1048.800048828125
2012-10-18,1039.449951171875
2012-10-19,1034.300048828125
2012-10-22,1031.9100341796875
2012-10-23,1025.0799560546875
2012-10-24,1024.469970703125
2012-10-25,1027.1700439453125
2012-10-26,1027.864990234375
2012-10-31,1025.8370361328125
2012-11-05,936.0800170898438
2012-11-06,962.0250244140625
2012-11-07,925.9199829101562
2012-11-08,929.7349853515625
2012-11-09,949.5250244140625
2012-11-12,955.5050048828125
2012-11-13,943.989990234375
2012-11-14,949.8499755859375
2012-11-15,950.114990234375
2012-11-16,958.3900146484375
2012-11-19,966.9949951171875
2012-11-20,956.260009765625
2012-11-21,960.3200073242188
2012-11-23,960.4949951171875
2012-11-26,958.8150024414062
2012-11-27,957.489990234375
2012-11-28,956.9000244140625
2012-11-29,957.6799926757812
2012-11-30,957.75
2012-12-05,932.0999755859375
2012-12-06,922.0449829101562
2012-12-07,926.885009765625
2012-12-10,928.0900268554688
2012-12-11,937.2849731445312
2012-12-12,943.7550048828125
2012-12-13,935.3250122070312
2012-12-14,943.9550170898438
2012-12-17,941.5650024414062
2012-12-18,946.3400268554688
2012-12-19,950.1199951171875
2012-12-20,949.9000244140625
2012-12-21,946.489990234375
2012-12-24,945.6900024414062
2012-12-26,949.4249877929688
2012-12-27,949.6500244140625
2012-12-28,948.6699829101562
2012-12-31,947.0
2013-01-04,972.3499755859375
2013-01-07,978.2100219726562
2013-01-08,982.9299926757812
2013-01-09,980.6950073242188
2013-01-10,981.5150146484375
2013-01-11,972.4450073242188
2013-01-14,976.6799926757812
2013-01-15,966.7249755859375
2013-01-16,968.8250122070312
2013-01-17,975.5549926757812
2013-01-18,979.0449829101562
2013-01-22,986.9099731445312
2013-01-23,986.9199829101562
2013-01-24,988.010009765625
2013-01-25,990.5499877929688
2013-01-28,993.625
2013-01-29,993.2999877929688
2013-01-30,993.8900146484375
2013-01-31,993.8980102539062
2013-02-05,1068.4949951171875
2013-02-06,1070.7900390625
2013-02-07,1069.5150146484375
2013-02-08,1079.35498046875
2013-02-11,1075.0999755859375
2013-02-12,1077.3699951171875
2013-02-13,1081.1199951171875
2013-02-14,1084.7850341796875
2013-02-15,1090.0830078125
2013-02-19,1088.5860595703125
2013-02-20,1081.1710205078125
2013-02-21,1077.3590087890625
2013-02-22,1080.112060546875
2013-02-25,1079.18896484375
2013-02-26,1075.47900390625
2013-02-27,1074.842041015625
2013-02-28,1074.3380126953125
2013-03-05,1026.8160400390625
2013-03-06,1024.5770263671875
2013-03-07,1025.22998046875
2013-03-08,1015.0250244140625
2013-03-11,989.333984375
2013-03-12,987.375
2013-03-13,983.7009887695312
2013-03-14,992.7739868164062
2013-03-15,1009.1599731445312
2013-03-18,1004.6580200195312
2013-03-19,996.3779907226562
2013-03-20,1007.1649780273438
2013-03-21,997.5910034179688
2013-03-22,1001.4860229492188
2013-03-25,1009.7540283203125
2013-03-26,1015.4450073242188
2013-03-27,1010.68701171875
2013-03-28,993.7999877929688
2013-04-02,1026.5009765625
2013-04-03,977.2760009765625
2013-04-04,974.0800170898438
2013-04-05,965.8800048828125
2013-04-08,978.5469970703125
2013-04-09,984.0980224609375
2013-04-10,963.1409912109375
2013-04-11,957.1240234375
2013-04-12,953.6370239257812
2013-04-15,947.3740234375
2013-04-16,954.197021484375
2013-04-17,950.8380126953125
2013-04-18,960.4240112304688
2013-04-19,964.1090087890625
2013-04-22,965.031005859375
2013-04-23,962.6400146484375
2013-04-24,970.281005859375
2013-04-25,970.7919921875
2013-04-26,968.458984375
2013-04-29,964.6339721679688
2013-04-30,953.8209838867188
2013-05-03,940.02197265625
2013-05-06,952.072998046875
2013-05-07,944.844970703125
2013-05-08,947.5969848632812
2013-05-09,954.6740112304688
2013-05-10,947.3380126953125
2013-05-13,938.030029296875
2013-05-14,940.8359985351562
2013-05-15,950.9249877929688
2013-05-16,951.2150268554688
2013-05-17,958.677978515625
2013-05-20,959.02001953125
2013-05-21,951.083984375
2013-05-22,948.0079956054688
2013-05-23,949.655029296875
2013-05-24,950.8300170898438
2013-05-28,951.4459838867188
2013-05-29,950.1929931640625
2013-05-30,950.43798828125
2013-05-31,950.4760131835938
2013-06-05,957.3980102539062
2013-06-06,961.364990234375
2013-06-07,966.093017578125
2013-06-10,961.1680297851562
2013-06-11,955.4719848632812
2013-06-12,953.0560302734375
2013-06-13,962.5910034179688
2013-06-14,967.7150268554688
2013-06-17,961.0850219726562
2013-06-18,964.8820190429688
2013-06-19,966.3670043945312
2013-06-20,955.5089721679688
2013-06-21,953.8900146484375
2013-06-24,952.6929931640625
2013-06-25,952.4929809570312
2013-06-26,951.9219970703125
2013-06-27,951.8510131835938
2013-06-28,952.0
2013-07-03,962.0020141601562
2013-07-05,976.1500244140625
2013-07-08,970.52099609375
2013-07-09,983.4400024414062
2013-07-10,1003.2769775390625
2013-07-11,999.9630126953125
2013-07-12,1015.3040161132812
2013-07-15,1011.1060180664062
2013-07-16,1015.1859741210938
2013-07-17,1011.5709838867188
2013-07-18,1012.3829956054688
2013-07-19,1010.989013671875
2013-07-22,1003.72900390625
2013-07-23,1003.6840209960938
2013-07-24,1002.7899780273438
2013-07-25,1000.718994140625
2013-07-26,1001.7849731445312
2013-07-29,1000.8289794921875
2013-07-30,1000.989990234375
2013-07-31,999.2169799804688
2013-08-05,998.6749877929688
2013-08-06,990.4190063476562
2013-08-07,987.3670043945312
2013-08-08,986.6420288085938
2013-08-09,997.7080078125
2013-08-12,1000.2639770507812
2013-08-13,1007.9030151367188
2013-08-14,1013.7919921875
2013-08-15,1014.8759765625
2013-08-16,1013.7360229492188
2013-08-19,1012.405029296875
2013-08-20,1011.5989990234375
2013-08-21,1011.72998046875
2013-08-22,1013.885009765625
2013-08-23,1016.7689819335938
2013-08-26,1012.093017578125
2013-08-27,1019.656005859375
2013-08-28,1020.72802734375
2013-08-29,1019.25
2013-08-30,1018.9290161132812
2013-09-04,1018.3369750976562
2013-09-05,1017.1370239257812
2013-09-06,1019.718994140625
2013-09-09,1004.7050170898438
2013-09-10,988.4110107421875
2013-09-11,980.6939697265625
2013-09-12,990.18798828125
2013-09-13,991.56201171875
2013-09-16,985.5900268554688
2013-09-17,976.2349853515625
2013-09-18,988.3909912109375
2013-09-19,983.468994140625
2013-09-20,982.0830078125
2013-09-23,977.010986328125
2013-09-24,979.9509887695312
2013-09-25,979.323974609375
2013-09-26,979.1309814453125
2013-09-27,978.1220092773438
2013-09-30,978.3569946289062
2013-10-03,937.4719848632812
2013-10-04,931.926025390625
2013-10-07,932.531982421875
2013-10-08,934.7269897460938
2013-10-09,932.9929809570312
2013-10-10,949.3499755859375
2013-10-11,945.1309814453125
2013-10-14,946.1480102539062
2013-10-15,945.864990234375
2013-10-16,951.3880004882812
2013-10-17,945.1900024414062
2013-10-18,949.197021484375
2013-10-21,947.9910278320312
2013-10-22,945.1630249023438
2013-10-23,939.1890258789062
2013-10-24,940.2249755859375
2013-10-25,937.8880004882812
2013-10-28,939.1389770507812
2013-10-29,938.1209716796875
2013-10-30,938.5679931640625
2013-10-31,937.9569702148438
2013-11-05,884.656005859375
2013-11-06,891.7009887695312
2013-11-07,883.625
2013-11-08,894.2550048828125
2013-11-11,905.1099853515625
2013-11-12,899.3610229492188
2013-11-13,908.864990234375
2013-11-14,916.8699951171875
2013-11-15,914.7550048828125
2013-11-18,913.208984375
2013-11-19,912.85400390625
2013-11-20,915.6749877929688
2013-11-21,922.3900146484375
2013-11-22,921.2059936523438
2013-11-25,918.4140014648438
2013-11-26,918.5759887695312
2013-11-27,918.6019897460938
2013-11-29,919.6190185546875
2013-12-04,948.572021484375
2013-12-05,947.3930053710938
2013-12-06,951.5689697265625
2013-12-09,939.031982421875
2013-12-10,941.8779907226562
2013-12-11,938.875
2013-12-12,932.1420288085938
2013-12-13,931.3809814453125
2013-12-16,934.0139770507812
2013-12-17,934.2269897460938
2013-12-18,939.3619995117188
2013-12-19,943.93798828125
2013-12-20,948.2020263671875
2013-12-23,947.2219848632812
2013-12-24,949.2139892578125
2013-12-26,948.8930053710938
2013-12-27,947.4439697265625
2013-12-30,945.7990112304688
2013-12-31,945.3880004882812
2014-01-03,921.5159912109375
2014-01-06,921.9130249023438
2014-01-07,931.9210205078125
2014-01-08,929.5040283203125
2014-01-09,928.89599609375
2014-01-10,934.2739868164062
2014-01-13,926.9619750976562
2014-01-14,925.2490234375
2014-01-15,925.8759765625
2014-01-16,921.7139892578125
2014-01-17,925.5789794921875
2014-01-21,925.6640014648438
2014-01-22,932.135009765625
2014-01-23,929.5189819335938
2014-01-24,929.2420043945312
2014-01-27,926.2509765625
2014-01-28,927.0250244140625
2014-01-29,927.6530151367188
2014-01-30,926.864990234375
2014-01-31,927.1480102539062
2014-02-05,920.3079833984375
2014-02-06,931.030029296875
2014-02-07,946.9929809570312
2014-02-10,940.9520263671875
2014-02-11,948.9979858398438
2014-02-12,949.0809936523438
2014-02-13,952.9080200195312
2014-02-14,954.8660278320312
2014-02-18,955.6010131835938
2014-02-19,955.3380126953125
2014-02-20,958.281005859375
2014-02-21,955.5540161132812
2014-02-24,955.405029296875
2014-02-25,954.9509887695312
2014-02-26,955.3709716796875
2014-02-27,954.8939819335938
2014-02-28,954.4630126953125
2014-03-05,955.1710205078125
2014-03-06,957.791015625
2014-03-07,962.6209716796875
2014-03-10,955.0670166015625
2014-03-11,959.6710205078125
2014-03-12,955.7979736328125
2014-03-13,951.0339965820312
2014-03-14,954.6710205078125
2014-03-17,939.968017578125
2014-03-18,941.72900390625
2014-03-19,937.4840087890625
2014-03-20,939.7509765625
2014-03-21,939.5040283203125
2014-03-24,941.35400390625
2014-03-25,942.1409912109375
2014-03-26,943.1840209960938
2014-03-27,943.27099609375
2014-03-28,941.8740234375
2014-03-31,942.5599975585938
2014-04-03,981.2650146484375
2014-04-04,985.8709716796875
2014-04-07,985.68798828125
2014-04-08,999.4459838867188
2014-04-09,1002.3109741210938
2014-04-10,1002.5590209960938
2014-04-11,1001.7009887695312
2014-04-14,1007.60400390625
2014-04-15,1009.0189819335938
2014-04-16,1008.9760131835938
2014-04-17,1010.7379760742188
2014-04-21,1014.4920043945312
2014-04-22,1011.3510131835938
2014-04-23,1011.2360229492188
2014-04-24,1010.7780151367188
2014-04-25,1009.7529907226562
2014-04-28,1008.5919799804688
2014-04-29,1009.3460083007812
2014-04-30,1008.7880249023438
2014-05-05,990.4299926757812
2014-05-06,981.5349731445312
2014-05-07,988.7449951171875
2014-05-08,985.1840209960938
2014-05-09,983.5709838867188
2014-05-12,987.2550048828125
2014-05-13,991.1179809570312
2014-05-14,997.2739868164062
2014-05-15,997.7000122070312
2014-05-16,997.572021484375
2014-05-19,997.1859741210938
2014-05-20,997.030029296875
2014-05-21,999.9730224609375
2014-05-22,1000.5579833984375
2014-05-23,1001.56298828125
2014-05-27,999.906982421875
2014-05-28,1000.2630004882812
2014-05-29,1000.3670043945312
2014-05-30,1000.2750244140625
2014-06-04,991.9169921875
2014-06-05,997.4439697265625
2014-06-06,994.0679931640625
2014-06-09,1005.3579711914062
2014-06-10,1005.0609741210938
2014-06-11,1009.7470092773438
2014-06-12,1026.89599609375
2014-06-13,1023.2570190429688
2014-06-16,1026.0999755859375
2014-06-17,1029.3170166015625
2014-06-18,1031.9659423828125
2014-06-19,1038.2449951171875
2014-06-20,1038.238037109375
2014-06-23,1039.56103515625
2014-06-24,1037.0379638671875
2014-06-25,1035.987060546875
2014-06-26,1036.1219482421875
2014-06-27,1036.637939453125
2014-06-30,1036.261962890625
2014-07-03,1035.5400390625
2014-07-07,1038.3089599609375
2014-07-08,1034.1929931640625
2014-07-09,1027.1910400390625
2014-07-10,1033.4630126953125
2014-07-11,1020.6290283203125
2014-07-14,1023.8159790039062
2014-07-15,1019.2069702148438
2014-07-16,1012.4010009765625
2014-07-17,1010.2360229492188
2014-07-18,1006.8800048828125
2014-07-21,1008.9749755859375
2014-07-22,1009.4099731445312
2014-07-23,1008.426025390625
2014-07-24,1007.239990234375
2014-07-25,1008.7459716796875
2014-07-28,1007.6710205078125
2014-07-29,1010.0460205078125
2014-07-30,1007.9860229492188
2014-07-31,1007.739013671875
2014-08-05,932.0180053710938
2014-08-06,940.0120239257812
2014-08-07,950.89599609375
2014-08-08,947.573974609375
2014-08-11,949.0900268554688
2014-08-12,955.5020141601562
2014-08-13,948.8170166015625
2014-08-14,932.4299926757812
2014-08-15,939.3829956054688
2014-08-18,935.0360107421875
2014-08-19,940.9949951171875
2014-08-20,941.5759887695312
2014-08-21,944.93701171875
2014-08-22,944.9240112304688
2014-08-25,945.2890014648438
2014-08-26,944.5430297851562
2014-08-27,943.9010009765625
2014-08-28,943.6580200195312
2014-08-29,943.8880004882812
2014-09-03,942.093994140625
2014-09-04,936.6859741210938
2014-09-05,935.2030029296875
2014-09-08,930.31298828125
2014-09-09,927.6729736328125
2014-09-10,925.2100219726562
2014-09-11,926.9089965820312
2014-09-12,928.4210205078125
2014-09-15,929.27001953125
2014-09-16,933.5230102539062
2014-09-17,931.2899780273438
2014-09-18,929.7769775390625
2014-09-19,934.177001953125
2014-09-22,930.9650268554688
2014-09-23,930.9249877929688
2014-09-24,932.6430053710938
2014-09-25,932.4660034179688
2014-09-26,930.7230224609375
2014-09-29,930.198974609375
2014-09-30,929.6480102539062
2014-10-03,862.4099731445312
2014-10-06,861.3060302734375
2014-10-07,865.8350219726562
2014-10-08,856.343017578125
2014-10-09,845.989013671875
2014-10-10,842.010986328125
2014-10-13,841.1339721679688
2014-10-14,815.22998046875
2014-10-15,805.0020141601562
2014-10-16,813.5880126953125
2014-10-17,813.3389892578125
2014-10-20,807.1090087890625
2014-10-21,811.0640258789062
2014-10-22,806.89501953125
2014-10-23,811.7080078125
2014-10-24,809.697021484375
2014-10-27,809.718017578125
2014-10-28,811.2050170898438
2014-10-29,812.1610107421875
2014-10-30,811.9660034179688
2014-10-31,811.6740112304688
2014-11-05,749.6589965820312
2014-11-06,757.7050170898438
2014-11-07,759.6500244140625
2014-11-10,753.22998046875
2014-11-11,754.5050048828125
2014-11-12,752.4660034179688
2014-11-13,733.02001953125
2014-11-14,742.2940063476562
2014-11-17,741.219970703125
2014-11-18,745.2429809570312
2014-11-19,746.4719848632812
2014-11-20,745.2009887695312
2014-11-21,749.1799926757812
2014-11-24,748.114013671875
2014-11-25,748.0139770507812
2014-11-26,748.3519897460938
2014-11-28,744.625
2014-12-03,619.8779907226562
2014-12-04,616.9400024414062
2014-12-05,610.3820190429688
2014-12-08,592.8699951171875
2014-12-09,596.5700073242188
2014-12-10,578.6329956054688
2014-12-11,573.6939697265625
2014-12-12,567.5349731445312
2014-12-15,561.6719970703125
2014-12-16,559.5859985351562
2014-12-17,562.969970703125
2014-12-18,557.3829956054688
2014-12-19,560.405029296875
2014-12-22,558.0579833984375
2014-12-23,560.0919799804688
2014-12-24,556.4719848632812
2014-12-26,556.3870239257812
2014-12-29,554.4290161132812
2014-12-30,554.094970703125
2014-12-31,553.7979736328125
2015-01-05,471.1050109863281
2015-01-06,457.8819885253906
2015-01-07,459.06201171875
2015-01-08,461.90899658203125
2015-01-09,458.82501220703125
2015-01-12,447.656005859375
2015-01-13,443.4620056152344
2015-01-14,458.52801513671875
2015-01-15,447.68499755859375
2015-01-16,458.62799072265625
2015-01-20,450.2850036621094
2015-01-21,452.58099365234375
2015-01-22,452.375
2015-01-23,453.572998046875
2015-01-26,451.0060119628906
2015-01-27,452.968994140625
2015-01-28,452.6159973144531
2015-01-29,453.1449890136719
2015-01-30,453.3810119628906
2015-02-04,510.614990234375
2015-02-05,522.6820068359375
2015-02-06,538.4600219726562
2015-02-09,543.6290283203125
2015-02-10,538.864990234375
2015-02-11,532.0780029296875
2015-02-12,543.5180053710938
2015-02-13,555.2310180664062
2015-02-17,549.72998046875
2015-02-18,549.833984375
2015-02-19,552.4769897460938
2015-02-20,552.3560180664062
2015-02-23,550.4390258789062
2015-02-24,549.6630249023438
2015-02-25,553.3300170898438
2015-02-26,552.427001953125
2015-02-27,552.93798828125
2015-03-04,602.2479858398438
2015-03-05,596.7620239257812
2015-03-06,600.4219970703125
2015-03-09,606.0910034179688
2015-03-10,585.9219970703125
2015-03-11,591.0050048828125
2015-03-12,590.72998046875
2015-03-13,586.4650268554688
2015-03-16,578.7650146484375
2015-03-17,579.7470092773438
2015-03-18,588.9359741210938
2015-03-19,585.323974609375
2015-03-20,587.718994140625
2015-03-23,587.3150024414062
2015-03-24,586.85400390625
2015-03-25,591.56298828125
2015-03-26,593.281005859375
2015-03-27,592.2509765625
2015-03-30,592.4710083007812
2015-03-31,592.75
2015-04-06,607.8889770507812
2015-04-07,617.447021484375
2015-04-08,583.7780151367188
2015-04-09,589.4199829101562
2015-04-10,601.7919921875
2015-04-13,602.344970703125
2015-04-14,609.9580078125
2015-04-15,629.5549926757812
2015-04-16,628.8880004882812
2015-04-17,628.47998046875
2015-04-20,628.4149780273438
2015-04-21,622.6580200195312
2015-04-22,626.177978515625
2015-04-23,631.2540283203125
2015-04-24,633.2650146484375
2015-04-27,632.5130004882812
2015-04-28,631.7869873046875
2015-04-29,631.8839721679688
2015-04-30,632.2000122070312
2015-05-05,690.864013671875
2015-05-06,681.8359985351562
2015-05-07,668.9149780273438
2015-05-08,667.77099609375
2015-05-11,667.7949829101562
2015-05-12,680.2080078125
2015-05-13,680.135986328125
2015-05-14,683.781982421875
2015-05-15,683.6279907226562
2015-05-18,681.5579833984375
2015-05-19,673.9099731445312
2015-05-20,678.3159790039062
2015-05-21,682.3889770507812
2015-05-22,680.2509765625
2015-05-26,677.0150146484375
2015-05-27,674.2319946289062
2015-05-28,675.10302734375
2015-05-29,675.2760009765625
2015-06-03,688.0120239257812
2015-06-04,673.1920166015625
2015-06-05,687.8900146484375
2015-06-08,682.6640014648438
2015-06-09,698.5540161132812
2015-06-10,708.4650268554688
2015-06-11,709.5009765625
2015-06-12,706.3040161132812
2015-06-15,704.4949951171875
2015-06-16,707.8569946289062
2015-06-17,705.198974609375
2015-06-18,706.8099975585938
2015-06-19,701.3289794921875
2015-06-22,696.968994140625
2015-06-23,700.1810302734375
2015-06-24,699.2420043945312
2015-06-25,699.8410034179688
2015-06-26,699.9299926757812
2015-06-29,699.2919921875
2015-06-30,699.614013671875
2015-07-06,672.2319946289062
2015-07-07,685.3870239257812
2015-07-08,701.1290283203125
2015-07-09,706.2659912109375
2015-07-10,703.9949951171875
2015-07-13,689.9810180664062
2015-07-14,688.43798828125
2015-07-15,674.0440063476562
2015-07-16,682.0369873046875
2015-07-17,686.2219848632812
2015-07-20,686.344970703125
2015-07-21,688.6129760742188
2015-07-22,679.9879760742188
2015-07-23,679.52099609375
2015-07-24,680.1010131835938
2015-07-27,679.1019897460938
2015-07-28,676.4660034179688
2015-07-29,678.1179809570312
2015-07-30,678.5770263671875
2015-07-31,679.3800048828125
2015-08-05,610.469970703125
2015-08-06,603.791015625
2015-08-07,593.6329956054688
2015-08-10,606.489013671875
2015-08-11,597.2789916992188
2015-08-12,610.6270141601562
2015-08-13,601.7440185546875
2015-08-14,596.9630126953125
2015-08-17,591.8499755859375
2015-08-18,591.1329956054688
2015-08-19,582.1220092773438
2015-08-20,580.0139770507812
2015-08-21,579.7960205078125
2015-08-24,572.2839965820312
2015-08-25,571.406005859375
2015-08-26,568.3350219726562
2015-08-27,571.3079833984375
2015-08-28,570.7880249023438
2015-08-31,570.7880249023438
2015-09-03,533.8590087890625
2015-09-04,527.2680053710938
2015-09-08,523.2459716796875
2015-09-09,516.14501953125
2015-09-10,524.9730224609375
2015-09-11,519.06298828125
2015-09-14,507.4330139160156
2015-09-15,509.94000244140625
2015-09-16,517.8619995117188
2015-09-17,514.1409912109375
2015-09-18,511.0849914550781
2015-09-21,518.3079833984375
2015-09-22,519.4400024414062
2015-09-23,512.1500244140625
2015-09-24,510.531005859375
2015-09-25,511.010986328125
2015-09-28,508.531005859375
2015-09-29,508.5719909667969
2015-09-30,508.75
2015-10-05,491.64599609375
2015-10-06,505.44000244140625
2015-10-07,496.3160095214844
2015-10-08,501.37298583984375
2015-10-09,501.51800537109375
2015-10-12,485.1659851074219
2015-10-13,482.34600830078125
2015-10-14,481.57598876953125
2015-10-15,480.7120056152344
2015-10-16,483.8139953613281
2015-10-19,472.48699951171875
2015-10-20,473.9200134277344
2015-10-21,472.3240051269531
2015-10-22,472.92999267578125
2015-10-23,472.3559875488281
2015-10-26,471.8890075683594
2015-10-27,471.968994140625
2015-10-28,473.802001953125
2015-10-29,474.1619873046875
2015-10-30,474.96600341796875
2015-11-04,488.2250061035156
2015-11-05,483.9989929199219
2015-11-06,490.42498779296875
2015-11-09,487.8340148925781
2015-11-10,491.3320007324219
2015-11-11,486.1440124511719
2015-11-12,474.87701416015625
2015-11-13,468.5329895019531
2015-11-16,465.83599853515625
2015-11-17,464.0799865722656
2015-11-18,469.68701171875
2015-11-19,471.4779968261719
2015-11-20,471.5159912109375
2015-11-23,471.7439880371094
2015-11-24,476.0329895019531
2015-11-25,475.75299072265625
2015-11-27,474.0360107421875
2015-11-30,473.8450012207031
2015-12-03,439.8840026855469
2015-12-04,432.3290100097656
2015-12-07,415.6390075683594
2015-12-08,417.3389892578125
2015-12-09,424.4410095214844
2015-12-10,434.6340026855469
2015-12-11,433.5889892578125
2015-12-14,427.8710021972656
2015-12-15,422.7309875488281
2015-12-16,418.8429870605469
2015-12-17,420.6619873046875
2015-12-18,421.8489990234375
2015-12-21,416.15301513671875
2015-12-22,413.36700439453125
2015-12-23,417.02801513671875
2015-12-24,418.0050048828125
2015-12-28,416.5039978027344
2015-12-29,417.125
2015-12-30,415.9209899902344
2015-12-31,415.97601318359375
2016-01-05,424.3699951171875
2016-01-06,397.5140075683594
2016-01-07,391.8909912109375
2016-01-08,387.0220031738281
2016-01-11,382.98199462890625
2016-01-12,374.8500061035156
2016-01-13,372.156005859375
2016-01-14,375.64599609375
2016-01-15,366.7229919433594
2016-01-19,370.33099365234375
2016-01-20,369.4639892578125
2016-01-21,371.8529968261719
2016-01-22,378.2200012207031
2016-01-25,373.1440124511719
2016-01-26,374.510986328125
2016-01-27,374.0369873046875
2016-01-28,375.15899658203125
2016-01-29,375.31298828125
2016-02-03,355.3299865722656
2016-02-04,361.51800537109375
2016-02-05,352.10101318359375
2016-02-08,341.5190124511719
2016-02-09,325.3399963378906
2016-02-10,331.49200439453125
2016-02-11,333.9729919433594
2016-02-12,352.5270080566406
2016-02-16,340.1499938964844
2016-02-17,343.65399169921875
2016-02-18,341.8900146484375
2016-02-19,339.3710021972656
2016-02-22,341.50799560546875
2016-02-23,338.8590087890625
2016-02-24,341.7720031738281
2016-02-25,343.20599365234375
2016-02-26,342.74700927734375
2016-02-29,342.3810119628906
2016-03-02,357.76800537109375
2016-03-03,357.3299865722656
2016-03-04,369.3580017089844
2016-03-07,386.21600341796875
2016-03-08,385.32501220703125
2016-03-09,401.447998046875
2016-03-10,392.5899963378906
2016-03-11,389.32501220703125
2016-03-14,381.97601318359375
2016-03-15,375.7229919433594
2016-03-16,378.7439880371094
2016-03-17,381.3840026855469
2016-03-18,378.8529968261719
2016-03-21,380.7929992675781
2016-03-22,381.31298828125
2016-03-23,377.8489990234375
2016-03-24,377.6409912109375
2016-03-28,378.0639953613281
2016-03-29,381.62701416015625
2016-03-30,381.8710021972656
2016-03-31,381.5
2016-04-04,439.9549865722656
2016-04-05,440.18798828125
2016-04-06,445.15899658203125
2016-04-07,440.43701171875
2016-04-08,459.22198486328125
2016-04-11,467.6409912109375
2016-04-12,472.2300109863281
2016-04-13,470.3970031738281
2016-04-14,464.8210144042969
2016-04-15,456.7569885253906
2016-04-18,451.60699462890625
2016-04-19,458.23199462890625
2016-04-20,461.6940002441406
2016-04-21,461.6090087890625
2016-04-22,463.5509948730469
2016-04-25,461.8630065917969
2016-04-26,464.5820007324219
2016-04-27,464.6679992675781
2016-04-28,464.42401123046875
2016-04-29,464.35699462890625
2016-05-04,468.0260009765625
2016-05-05,467.75299072265625
2016-05-06,469.0899963378906
2016-05-09,454.01300048828125
2016-05-10,465.4100036621094
2016-05-11,484.92498779296875
2016-05-12,484.7980041503906
2016-05-13,485.50299072265625
2016-05-16,489.3169860839844
2016-05-17,493.10198974609375
2016-05-18,493.5929870605469
2016-05-19,490.4469909667969
2016-05-20,490.25
2016-05-23,491.6239929199219
2016-05-24,494.00799560546875
2016-05-25,493.7640075683594
2016-05-26,493.1319885253906
2016-05-27,493.1159973144531
2016-05-31,492.9880065917969
2016-06-01,492.9880065917969
2016-06-02,526.6300048828125
2016-06-03,516.5330200195312
2016-06-06,512.5419921875
2016-06-07,511.6610107421875
2016-06-08,521.4130249023438
2016-06-09,522.1229858398438
2016-06-10,512.833984375
2016-06-13,509.17401123046875
2016-06-14,506.1369934082031
2016-06-15,501.28900146484375
2016-06-16,497.0270080566406
2016-06-17,504.58599853515625
2016-06-20,513.083984375
2016-06-21,514.0590209960938
2016-06-22,513.02099609375
2016-06-23,514.2670288085938
2016-06-24,508.60101318359375
2016-06-27,505.9259948730469
2016-06-28,507.02899169921875
2016-06-29,507.239013671875
2016-06-30,506.9549865722656
2016-07-01,506.9549865722656
2016-07-05,459.343994140625
2016-07-06,457.7590026855469
2016-07-07,442.2969970703125
2016-07-08,442.5509948730469
2016-07-11,444.802001953125
2016-07-12,454.4590148925781
2016-07-13,443.614013671875
2016-07-14,452.4410095214844
2016-07-15,454.3269958496094
2016-07-18,449.0799865722656
2016-07-19,446.7040100097656
2016-07-20,445.1400146484375
2016-07-21,444.5610046386719
2016-07-22,444.7950134277344
2016-07-25,442.34100341796875
2016-07-26,442.54998779296875
2016-07-27,441.4540100097656
2016-07-28,441.22900390625
2016-07-29,441.10699462890625
2016-08-01,441.10699462890625
2016-08-02,419.8479919433594
2016-08-03,429.9440002441406
2016-08-04,438.6029968261719
2016-08-05,438.9339904785156
2016-08-08,437.90399169921875
2016-08-09,437.2430114746094
2016-08-10,429.6239929199219
2016-08-11,441.31500244140625
2016-08-12,443.54400634765625
2016-08-15,447.802001953125
2016-08-16,452.25
2016-08-17,454.7860107421875
2016-08-18,459.1340026855469
2016-08-19,459.89898681640625
2016-08-22,455.7799987792969
2016-08-23,456.68798828125
2016-08-24,456.6579895019531
2016-08-25,456.91900634765625
2016-08-26,457.5050048828125
2016-08-29,455.4630126953125
2016-08-30,455.8940124511719
2016-08-31,455.47698974609375
2016-09-01,455.47698974609375
2016-09-02,455.47698974609375
2016-09-06,459.6919860839844
2016-09-07,470.06500244140625
2016-09-08,492.20001220703125
2016-09-09,478.010009765625
2016-09-12,481.177001953125
2016-09-13,473.8949890136719
2016-09-14,472.6700134277344
2016-09-15,480.87701416015625
2016-09-16,477.8290100097656
2016-09-19,473.593994140625
2016-09-20,471.7279968261719
2016-09-21,476.80499267578125
2016-09-22,478.4330139160156
2016-09-23,475.6239929199219
2016-09-26,477.57501220703125
2016-09-27,476.0639953613281
2016-09-28,477.20001220703125
2016-09-29,477.0260009765625
2016-09-30,476.84100341796875
2016-10-03,476.84100341796875
2016-10-04,507.031005859375
2016-10-05,508.45599365234375
2016-10-06,511.5790100097656
2016-10-07,511.2279968261719
2016-10-11,510.97900390625
2016-10-12,506.87200927734375
2016-10-13,509.875
2016-10-14,512.2139892578125
2016-10-17,508.6719970703125
2016-10-18,509.7569885253906
2016-10-19,511.23699951171875
2016-10-20,508.20599365234375
2016-10-21,511.1310119628906
2016-10-24,508.1789855957031
2016-10-25,508.16900634765625
2016-10-26,506.9360046386719
2016-10-27,507.3160095214844
2016-10-28,506.614013671875
2016-10-31,506.19000244140625
2016-11-01,506.19000244140625
2016-11-02,473.0379943847656
2016-11-03,470.8999938964844
2016-11-04,461.9909973144531
2016-11-07,460.7309875488281
2016-11-08,460.614990234375
2016-11-09,458.26800537109375
2016-11-10,455.9859924316406
2016-11-14,445.79998779296875
2016-11-15,454.0169982910156
2016-11-16,451.8340148925781
2016-11-17,455.364013671875
2016-11-18,454.1679992675781
2016-11-21,460.67498779296875
2016-11-22,462.0090026855469
2016-11-23,462.12799072265625
2016-11-25,459.02398681640625
2016-11-28,460.77099609375
2016-11-29,459.6029968261719
2016-11-30,460.10198974609375
2016-12-01,460.10198974609375
2016-12-02,511.9280090332031
2016-12-05,512.8690185546875
2016-12-06,505.7569885253906
2016-12-07,500.8299865722656
2016-12-08,502.8819885253906
2016-12-09,503.77801513671875
2016-12-12,512.6630249023438
2016-12-13,514.27099609375
2016-12-14,510.6090087890625
2016-12-15,510.8160095214844
2016-12-16,513.0009765625
2016-12-19,513.8079833984375
2016-12-20,515.9829711914062
2016-12-21,516.3560180664062
2016-12-22,516.0020141601562
2016-12-23,516.666015625
2016-12-27,518.0599975585938
2016-12-28,517.2479858398438
2016-12-29,516.9619750976562
2016-12-30,516.56298828125
2017-01-03,516.56298828125
2017-01-04,542.7650146484375
2017-01-05,543.6209716796875
2017-01-06,542.6500244140625
2017-01-09,527.4420166015625
2017-01-10,522.43798828125
2017-01-11,534.1480102539062
2017-01-12,541.6749877929688
2017-01-13,539.7570190429688
2017-01-17,540.3380126953125
2017-01-18,535.2119750976562
2017-01-19,534.416015625
2017-01-20,538.010986328125
2017-01-23,537.6309814453125
2017-01-24,538.7139892578125
2017-01-25,536.405029296875
2017-01-26,538.0679931640625
2017-01-27,537.2960205078125
2017-01-30,536.7670288085938
2017-01-31,537.0360107421875
2017-02-01,537.0360107421875
2017-02-02,548.3809814453125
2017-02-03,555.8510131835938
2017-02-06,547.8270263671875
2017-02-07,544.0540161132812
2017-02-08,554.3660278320312
2017-02-09,557.635009765625
2017-02-10,561.1519775390625
2017-02-13,555.2050170898438
2017-02-14,559.2050170898438
2017-02-15,559.3200073242188
2017-02-16,553.9110107421875
2017-02-17,554.4089965820312
2017-02-21,553.6370239257812
2017-02-22,553.5889892578125
2017-02-23,553.5230102539062
2017-02-24,553.208984375
2017-02-27,553.0670166015625
2017-02-28,552.43798828125
2017-03-01,552.43798828125
2017-03-02,524.739013671875
2017-03-03,530.2899780273438
2017-03-06,533.5390014648438
2017-03-07,535.6339721679688
2017-03-08,524.7780151367188
2017-03-09,515.3880004882812
2017-03-10,509.0459899902344
2017-03-13,506.0840148925781
2017-03-14,502.5589904785156
2017-03-15,502.875
2017-03-16,506.1289978027344
2017-03-17,507.552001953125
2017-03-20,505.4909973144531
2017-03-21,503.18798828125
2017-03-22,501.6099853515625
2017-03-23,500.69500732421875
2017-03-24,502.3429870605469
2017-03-27,503.44500732421875
2017-03-28,504.6579895019531
2017-03-29,506.4230041503906
2017-03-30,506.87298583984375
2017-03-31,506.9779968261719
2017-04-03,549.718994140625
2017-04-04,558.4439697265625
2017-04-05,557.489990234375
2017-04-06,563.1329956054688
2017-04-07,566.6719970703125
2017-04-10,569.8469848632812
2017-04-11,570.3599853515625
2017-04-12,568.1129760742188
2017-04-13,567.448974609375
2017-04-17,564.7730102539062
2017-04-18,565.531982421875
2017-04-19,557.4080200195312
2017-04-20,558.6190185546875
2017-04-21,555.1519775390625
2017-04-24,553.7529907226562
2017-04-25,553.9860229492188
2017-04-26,552.56201171875
2017-04-27,551.281005859375
2017-04-28,551.3889770507812
2017-05-01,507.8330078125
2017-05-02,506.47100830078125
2017-05-03,512.0380249023438
2017-05-04,497.22900390625
2017-05-05,503.1669921875
2017-05-08,506.20599365234375
2017-05-09,500.6650085449219
2017-05-10,513.2990112304688
2017-05-11,517.2780151367188
2017-05-12,519.385009765625
2017-05-15,522.8410034179688
2017-05-16,524.3920288085938
2017-05-17,524.6909790039062
2017-05-18,524.4910278320312
2017-05-19,529.3419799804688
2017-05-22,529.6539916992188
2017-05-23,529.10302734375
2017-05-24,528.3989868164062
2017-05-25,525.5880126953125
2017-05-26,526.4390258789062
2017-05-30,526.114013671875
2017-05-31,525.8930053710938
2017-06-01,525.8930053710938
2017-06-02,527.8170166015625
2017-06-05,519.8770141601562
2017-06-06,525.2459716796875
2017-06-07,510.09600830078125
2017-06-08,511.322998046875
2017-06-09,512.5239868164062
2017-06-12,511.3500061035156
2017-06-13,513.1500244140625
2017-06-14,500.21099853515625
2017-06-15,500.9280090332031
2017-06-16,502.822998046875
2017-06-19,501.9549865722656
2017-06-20,498.2229919433594
2017-06-21,496.8280029296875
2017-06-22,498.8739929199219
2017-06-23,499.1650085449219
2017-06-26,499.88299560546875
2017-06-27,501.28900146484375
2017-06-28,501.9129943847656
2017-06-29,502.10101318359375
2017-06-30,502.22698974609375
2017-07-03,509.1210021972656
2017-07-05,496.8070068359375
2017-07-06,503.552001953125
2017-07-07,494.80999755859375
2017-07-10,494.47601318359375
2017-07-11,497.5639953613281
2017-07-12,498.677001953125
2017-07-13,499.55499267578125
2017-07-14,504.0880126953125
2017-07-17,502.43798828125
2017-07-18,503.8970031738281
2017-07-19,508.51800537109375
2017-07-20,507.7980041503906
2017-07-21,504.0060119628906
2017-07-24,504.0690002441406
2017-07-25,506.1780090332031
2017-07-26,507.2489929199219
2017-07-27,507.7239990234375
2017-07-28,508.0690002441406
2017-07-31,508.44000244140625
2017-08-01,508.44000244140625
2017-08-02,545.9539794921875
2017-08-03,546.10302734375
2017-08-04,550.5960083007812
2017-08-07,549.3400268554688
2017-08-08,544.469970703125
2017-08-09,544.9910278320312
2017-08-10,541.9739990234375
2017-08-11,543.6790161132812
2017-08-14,538.4390258789062
2017-08-15,539.4000244140625
2017-08-16,537.2780151367188
2017-08-17,541.3660278320312
2017-08-18,545.2210083007812
2017-08-21,542.1640014648438
2017-08-22,542.5130004882812
2017-08-23,544.2470092773438
2017-08-24,545.1580200195312
2017-08-25,544.8189697265625
2017-08-28,547.3720092773438
2017-08-29,547.3989868164062
2017-08-30,548.4149780273438
2017-08-31,549.0910034179688
2017-09-01,549.0910034179688
2017-09-05,602.43701171875
2017-09-06,606.1649780273438
2017-09-07,598.4249877929688
2017-09-08,590.4110107421875
2017-09-11,587.0980224609375
2017-09-12,588.7830200195312
2017-09-13,587.9210205078125
2017-09-14,587.719970703125
2017-09-15,590.218017578125
2017-09-18,589.1270141601562
2017-09-19,586.3900146484375
2017-09-20,587.4110107421875
2017-09-21,586.4630126953125
2017-09-22,588.1320190429688
2017-09-25,590.02099609375
2017-09-26,588.1400146484375
2017-09-27,586.5280151367188
2017-09-28,586.176025390625
2017-09-29,585.9169921875
2017-10-02,535.6199951171875
2017-10-03,540.9039916992188
2017-10-04,544.7930297851562
2017-10-05,552.8920288085938
2017-10-06,542.6829833984375
2017-10-09,542.35302734375
2017-10-10,549.4240112304688
2017-10-11,552.1380004882812
2017-10-12,548.1290283203125
2017-10-13,553.385986328125
2017-10-16,550.3779907226562
2017-10-17,550.4340209960938
2017-10-18,552.9609985351562
2017-10-19,551.1599731445312
2017-10-20,553.791015625
2017-10-23,552.81201171875
2017-10-24,555.2839965820312
2017-10-25,555.9180297851562
2017-10-26,556.2139892578125
2017-10-27,556.7479858398438
2017-10-30,556.8090209960938
2017-10-31,556.8179931640625
2017-11-01,556.8179931640625
2017-11-02,601.4119873046875
2017-11-03,610.9190063476562
2017-11-06,622.468994140625
2017-11-07,623.7529907226562
2017-11-08,624.2160034179688
2017-11-09,622.9819946289062
2017-11-10,622.47998046875
2017-11-13,621.9450073242188
2017-11-14,615.5369873046875
2017-11-15,609.7880249023438
2017-11-16,606.3099975585938
2017-11-17,609.2639770507812
2017-11-20,608.5
2017-11-21,613.1959838867188
2017-11-22,612.9039916992188
2017-11-24,615.156982421875
2017-11-27,615.1270141601562
2017-11-28,613.7930297851562
2017-11-29,613.073974609375
2017-11-30,613.6019897460938
2017-12-01,613.6019897460938
2017-12-04,581.0289916992188
2017-12-05,586.7139892578125
2017-12-06,575.5750122070312
2017-12-07,587.2689819335938
2017-12-08,589.7620239257812
2017-12-11,593.8090209960938
2017-12-12,590.5369873046875
2017-12-13,583.1690063476562
2017-12-14,587.8920288085938
2017-12-15,586.447998046875
2017-12-18,589.593017578125
2017-12-19,592.3140258789062
2017-12-20,594.4509887695312
2017-12-21,595.051025390625
2017-12-22,594.6859741210938
2017-12-26,596.0280151367188
2017-12-27,595.989013671875
2017-12-28,595.6339721679688
2017-12-29,595.5390014648438
2018-01-02,608.3259887695312
2018-01-03,620.3369750976562
2018-01-04,623.4459838867188
2018-01-05,617.1840209960938
2018-01-08,620.9710083007812
2018-01-09,631.8579711914062
2018-01-10,632.5800170898438
2018-01-11,631.7219848632812
2018-01-12,634.8989868164062
2018-01-16,631.9669799804688
2018-01-17,634.5139770507812
2018-01-18,637.1699829101562
2018-01-19,634.2319946289062
2018-01-22,636.405029296875
2018-01-23,639.5679931640625
2018-01-24,640.5419921875
2018-01-25,640.218017578125
2018-01-26,640.9829711914062
2018-01-30,639.4810180664062
2018-01-31,639.3519897460938
2018-02-01,639.3519897460938
2018-02-02,661.1160278320312
2018-02-05,649.4959716796875
2018-02-06,637.6339721679688
2018-02-07,627.8519897460938
2018-02-08,627.3109741210938
2018-02-09,612.5230102539062
2018-02-12,607.5889892578125
2018-02-13,608.35400390625
2018-02-14,611.926025390625
2018-02-15,614.8779907226562
2018-02-16,614.7919921875
2018-02-20,615.2020263671875
2018-02-21,615.3839721679688
2018-02-22,615.89501953125
2018-02-23,616.7410278320312
2018-02-26,616.5390014648438
2018-02-27,616.10400390625
2018-02-28,615.9130249023438
2018-03-01,615.9130249023438
2018-03-02,592.4290161132812
2018-03-05,596.4169921875
2018-03-06,591.8880004882812
2018-03-07,580.6740112304688
2018-03-08,570.0709838867188
2018-03-09,579.5819702148438
2018-03-12,578.1519775390625
2018-03-13,578.156982421875
2018-03-14,581.7550048828125
2018-03-15,580.4749755859375
2018-03-16,584.6939697265625
2018-03-19,581.7750244140625
2018-03-20,584.2869873046875
2018-03-21,588.718994140625
2018-03-22,588.3989868164062
2018-03-23,588.9030151367188
2018-03-26,587.0009765625
2018-03-27,586.2160034179688
2018-03-28,584.9719848632812
2018-03-29,586.9400024414062
2018-04-02,646.926025390625
2018-04-03,657.1480102539062
2018-04-04,659.2969970703125
2018-04-05,660.6370239257812
2018-04-06,651.8209838867188
2018-04-09,659.7360229492188
2018-04-10,672.8319702148438
2018-04-11,678.6719970703125
2018-04-12,676.2379760742188
2018-04-13,679.0159912109375
2018-04-16,673.5560302734375
2018-04-17,674.281005859375
2018-04-18,679.0700073242188
2018-04-19,679.843994140625
2018-04-20,680.6430053710938
2018-04-23,682.655029296875
2018-04-24,680.9140014648438
2018-04-25,680.9970092773438
2018-04-26,681.7639770507812
2018-04-27,681.802001953125
2018-04-30,681.7999877929688
2018-05-01,681.7999877929688
2018-05-02,696.7529907226562
2018-05-03,698.7329711914062
2018-05-04,704.8779907226562
2018-05-07,710.5430297851562
2018-05-08,707.0130004882812
2018-05-09,720.0859985351562
2018-05-10,725.4340209960938
2018-05-11,726.0700073242188
2018-05-14,728.4119873046875
2018-05-15,729.4639892578125
2018-05-16,737.0800170898438
2018-05-17,736.4240112304688
2018-05-18,734.864990234375
2018-05-21,737.2949829101562
2018-05-22,737.72802734375
2018-05-23,737.1170043945312
2018-05-24,735.1690063476562
2018-05-25,732.1320190429688
2018-05-29,730.5180053710938
2018-05-30,731.3410034179688
2018-05-31,731.2139892578125
2018-06-01,731.2139892578125
2018-06-04,718.968017578125
2018-06-05,713.4949951171875
2018-06-06,706.85302734375
2018-06-07,718.2780151367188
2018-06-08,717.9099731445312
2018-06-11,715.322998046875
2018-06-12,711.635009765625
2018-06-13,716.0679931640625
2018-06-14,709.6710205078125
2018-06-15,698.7940063476562
2018-06-18,704.073974609375
2018-06-19,701.7670288085938
2018-06-20,701.0850219726562
2018-06-21,699.4580078125
2018-06-22,704.2570190429688
2018-06-25,702.844970703125
2018-06-26,704.3770141601562
2018-06-27,706.5570068359375
2018-06-28,706.698974609375
2018-06-29,707.1309814453125
2018-07-02,715.3939819335938
2018-07-03,718.208984375
2018-07-05,718.3179931640625
2018-07-06,713.2050170898438
2018-07-09,724.8309936523438
2018-07-10,728.031982421875
2018-07-11,704.7420043945312
2018-07-12,706.2529907226562
2018-07-13,712.4199829101562
2018-07-16,694.0599975585938
2018-07-17,698.39697265625
2018-07-18,700.0670166015625
2018-07-19,700.3610229492188
2018-07-20,703.239013671875
2018-07-23,704.6649780273438
2018-07-24,705.8380126953125
2018-07-25,708.281005859375
2018-07-26,710.0590209960938
2018-07-27,710.7630004882812
2018-07-30,709.614990234375
2018-07-31,710.5910034179688
2018-08-01,710.5910034179688
2018-08-02,724.6810302734375
2018-08-03,720.989990234375
2018-08-06,721.8809814453125
2018-08-07,732.9539794921875
2018-08-08,711.0289916992188
2018-08-09,706.2260131835938
2018-08-10,714.0709838867188
2018-08-13,710.0260009765625
2018-08-14,715.6820068359375
2018-08-15,713.35498046875
2018-08-16,713.4580078125
2018-08-17,714.5440063476562
2018-08-20,717.6619873046875
2018-08-21,716.9210205078125
2018-08-22,723.3619995117188
2018-08-23,723.4669799804688
2018-08-24,725.1859741210938
2018-08-27,725.9299926757812
2018-08-28,724.0969848632812
2018-08-29,724.6300048828125
2018-08-30,724.8460083007812
2018-08-31,724.0339965820312
2018-09-04,724.864990234375
2018-09-05,717.8049926757812
2018-09-06,713.4130249023438
2018-09-07,721.0020141601562
2018-09-10,716.6599731445312
2018-09-11,726.8090209960938
2018-09-12,730.781005859375
2018-09-13,723.5059814453125
2018-09-14,719.3900146484375
2018-09-17,720.3179931640625
2018-09-18,723.197021484375
2018-09-19,724.52099609375
2018-09-20,723.572998046875
2018-09-21,723.6680297851562
2018-09-24,726.2670288085938
2018-09-25,726.7860107421875
2018-09-26,726.2050170898438
2018-09-27,726.9819946289062
2018-09-28,726.6129760742188
2018-10-01,747.0579833984375
2018-10-02,745.9290161132812
2018-10-03,746.9609985351562
2018-10-04,732.666015625
2018-10-05,728.4530029296875
2018-10-08,726.6320190429688
2018-10-09,722.4249877929688
2018-10-10,711.0560302734375
2018-10-11,690.8280029296875
2018-10-12,692.4829711914062
2018-10-15,692.3779907226562
2018-10-16,696.6480102539062
2018-10-17,689.072021484375
2018-10-18,688.0540161132812
2018-10-19,693.5460205078125
2018-10-22,692.4439697265625
2018-10-23,685.7030029296875
2018-10-24,682.8800048828125
2018-10-25,682.18798828125
2018-10-26,682.0380249023438
2018-10-29,682.4669799804688
2018-10-30,682.2529907226562
2018-10-31,682.27197265625
2018-11-01,615.6610107421875
2018-11-02,608.5280151367188
2018-11-05,603.3920288085938
2018-11-06,603.385986328125
2018-11-07,592.9340209960938
2018-11-08,591.5780029296875
2018-11-09,586.9550170898438
2018-11-12,590.75
2018-11-13,571.7979736328125
2018-11-14,576.0380249023438
2018-11-15,575.8690185546875
2018-11-16,578.656005859375
2018-11-19,578.426025390625
2018-11-20,566.0120239257812
2018-11-21,567.2659912109375
2018-11-23,555.3200073242188
2018-11-26,558.0919799804688
2018-11-27,557.1370239257812
2018-11-28,556.31298828125
2018-11-29,557.02197265625
2018-11-30,556.5230102539062
2018-12-03,501.2279968261719
2018-12-04,505.385009765625
2018-12-06,498.3080139160156
2018-12-07,508.4429931640625
2018-12-10,492.6889953613281
2018-12-11,496.625
2018-12-12,491.7510070800781
2018-12-13,502.2239990234375
2018-12-14,495.0270080566406
2018-12-17,491.7070007324219
2018-12-18,483.8500061035156
2018-12-19,485.6669921875
2018-12-20,480.3659973144531
2018-12-21,480.510986328125
2018-12-24,477.6499938964844
2018-12-26,481.0090026855469
2018-12-27,479.4590148925781
2018-12-28,479.6180114746094
2018-12-31,479.6180114746094
2019-01-02,459.06298828125
2019-01-03,468.79400634765625
2019-01-04,470.718994140625
2019-01-07,469.760986328125
2019-01-08,477.5920104980469
2019-01-09,494.29400634765625
2019-01-10,497.98199462890625
2019-01-11,493.1300048828125
2019-01-14,484.78900146484375
2019-01-15,492.0690002441406
2019-01-16,492.489990234375
2019-01-17,492.89300537109375
2019-01-18,496.0979919433594
2019-01-22,488.9630126953125
2019-01-23,487.885009765625
2019-01-24,488.0249938964844
2019-01-25,488.64599609375
2019-01-28,485.61700439453125
2019-01-29,486.572998046875
2019-01-30,487.2250061035156
2019-01-31,487.28399658203125
2019-02-01,516.6060180664062
2019-02-04,510.96099853515625
2019-02-05,507.34600830078125
2019-02-06,514.1749877929688
2019-02-07,505.3680114746094
2019-02-08,510.85400390625
2019-02-11,509.2510070800781
2019-02-12,511.9960021972656
2019-02-13,519.541015625
2019-02-14,527.9359741210938
2019-02-15,535.6069946289062
2019-02-19,532.9450073242188
2019-02-20,536.6389770507812
2019-02-21,536.7969970703125
2019-02-22,536.0449829101562
2019-02-25,531.6430053710938
2019-02-26,532.3590087890625
2019-02-27,532.4760131835938
2019-02-28,532.0130004882812
2019-03-01,551.8699951171875
2019-03-04,557.72900390625
2019-03-05,565.5919799804688
2019-03-06,571.3759765625
2019-03-07,576.2650146484375
2019-03-08,571.4719848632812
2019-03-11,575.4990234375
2019-03-12,573.5440063476562
2019-03-13,582.0499877929688
2019-03-14,579.6640014648438
2019-03-15,577.8419799804688
2019-03-18,578.9190063476562
2019-03-19,575.0040283203125
2019-03-20,579.6580200195312
2019-03-21,580.2520141601562
2019-03-22,583.3590087890625
2019-03-25,585.0139770507812
2019-03-26,584.9660034179688
2019-03-27,584.239013671875
2019-03-28,583.5330200195312
2019-03-29,584.5360107421875
2019-04-01,643.9550170898438
2019-04-02,653.7340087890625
2019-04-03,659.0339965820312
2019-04-04,656.5640258789062
2019-04-05,663.3939819335938
2019-04-08,667.5650024414062
2019-04-09,669.5700073242188
2019-04-10,684.1610107421875
2019-04-11,680.1619873046875
2019-04-12,682.5390014648438
2019-04-15,678.114013671875
2019-04-16,679.489990234375
2019-04-17,678.8319702148438
2019-04-18,681.1669921875
2019-04-22,687.2130126953125
2019-04-23,685.9089965820312
2019-04-24,685.3829956054688
2019-04-25,684.72998046875
2019-04-26,684.0789794921875
2019-04-29,683.6309814453125
2019-04-30,684.125
2019-05-01,706.10302734375
2019-05-02,689.5640258789062
2019-05-03,695.6500244140625
2019-05-06,686.6840209960938
2019-05-07,675.4340209960938
2019-05-08,680.8319702148438
2019-05-09,681.0759887695312
2019-05-10,689.06298828125
2019-05-13,688.1389770507812
2019-05-14,691.0980224609375
2019-05-15,699.1510009765625
2019-05-16,712.7169799804688
2019-05-17,715.8499755859375
2019-05-20,709.4030151367188
2019-05-21,714.5640258789062
2019-05-22,711.7230224609375
2019-05-23,703.2360229492188
2019-05-24,705.31298828125
2019-05-28,706.2589721679688
2019-05-29,704.1690063476562
2019-05-30,702.31201171875
2019-05-31,701.7860107421875
2019-06-03,618.041015625
2019-06-04,607.4459838867188
2019-06-05,587.5670166015625
2019-06-06,588.0960083007812
2019-06-07,597.4730224609375
2019-06-10,593.4000244140625
2019-06-11,601.3109741210938
2019-06-12,589.7750244140625
2019-06-13,595.2440185546875
2019-06-14,595.2160034179688
2019-06-17,586.7349853515625
2019-06-18,588.2659912109375
2019-06-19,588.6820068359375
2019-06-20,594.239013671875
2019-06-21,599.0430297851562
2019-06-24,598.323974609375
2019-06-25,598.85302734375
2019-06-26,602.3480224609375
2019-06-27,601.5
2019-06-28,601.1630249023438
2019-07-01,633.1929931640625
2019-07-02,620.885986328125
2019-07-03,632.4199829101562
2019-07-05,639.1079711914062
2019-07-08,631.7440185546875
2019-07-09,636.8839721679688
2019-07-10,656.7880249023438
2019-07-11,653.1279907226562
2019-07-12,651.7639770507812
2019-07-15,645.8839721679688
2019-07-16,638.0469970703125
2019-07-17,636.0479736328125
2019-07-18,630.3469848632812
2019-07-19,633.0050048828125
2019-07-22,631.8150024414062
2019-07-23,633.6500244140625
2019-07-24,632.4349975585938
2019-07-25,633.7360229492188
2019-07-26,633.4349975585938
2019-07-29,633.2890014648438
2019-07-30,633.9920043945312
2019-07-31,634.1199951171875
2019-08-01,605.8610229492188
2019-08-02,621.4580078125
2019-08-05,602.3599853515625
2019-08-06,595.5980224609375
2019-08-07,575.4810180664062
2019-08-08,582.56298828125
2019-08-09,590.1480102539062
2019-08-12,592.030029296875
2019-08-13,604.6339721679688
2019-08-14,593.8519897460938
2019-08-15,587.125
2019-08-16,590.5079956054688
2019-08-19,591.2050170898438
2019-08-20,589.2030029296875
2019-08-21,592.3079833984375
2019-08-22,592.1320190429688
2019-08-23,591.6129760742188
2019-08-26,589.8610229492188
2019-08-27,592.364990234375
2019-08-28,594.06298828125
2019-08-29,593.8170166015625
2019-08-30,593.9639892578125
2019-09-03,544.427978515625
2019-09-04,561.27197265625
2019-09-05,563.3179931640625
2019-09-06,568.4019775390625
2019-09-09,571.5590209960938
2019-09-10,573.8400268554688
2019-09-11,568.3889770507812
2019-09-12,567.89697265625
2019-09-13,567.9199829101562
2019-09-16,604.9030151367188
2019-09-17,592.7760009765625
2019-09-18,589.3839721679688
2019-09-19,593.4089965820312
2019-09-20,592.6320190429688
2019-09-23,592.8469848632812
2019-09-24,589.7349853515625
2019-09-25,587.75
2019-09-26,588.5759887695312
2019-09-27,588.2550048828125
2019-09-30,588.2739868164062
2019-10-01,556.447021484375
2019-10-02,549.47900390625
2019-10-03,555.5250244140625
2019-10-04,565.968994140625
2019-10-07,566.3590087890625
2019-10-08,562.5139770507812
2019-10-09,558.2119750976562
2019-10-10,566.0869750976562
2019-10-11,568.531005859375
2019-10-14,561.9520263671875
2019-10-15,558.1229858398438
2019-10-16,560.4400024414062
2019-10-17,561.781982421875
2019-10-18,561.8909912109375
2019-10-21,561.2789916992188
2019-10-22,561.322998046875
2019-10-23,567.2470092773438
2019-10-24,568.0960083007812
2019-10-25,568.1920166015625
2019-10-28,568.1060180664062
2019-10-29,568.6810302734375
2019-10-30,568.6409912109375
2019-10-31,568.5869750976562
2019-11-01,577.3590087890625
2019-11-04,584.8280029296875
2019-11-05,586.1420288085938
2019-11-06,572.4739990234375
2019-11-07,577.4320068359375
2019-11-08,578.3560180664062
2019-11-11,574.4849853515625
2019-11-12,577.10302734375
2019-11-13,581.2559814453125
2019-11-14,575.4169921875
2019-11-15,578.6510009765625
2019-11-18,574.7979736328125
2019-11-19,573.760986328125
2019-11-20,581.2849731445312
2019-11-21,586.781005859375
2019-11-22,584.0499877929688
2019-11-25,584.5050048828125
2019-11-26,585.5579833984375
2019-11-27,584.7960205078125
2019-11-29,584.5709838867188
2019-12-02,544.0280151367188
2019-12-03,544.4760131835938
2019-12-04,561.052001953125
2019-12-05,564.2379760742188
2019-12-06,570.3319702148438
2019-12-09,569.2000122070312
2019-12-10,568.5360107421875
2019-12-11,564.6090087890625
2019-12-12,565.5449829101562
2019-12-13,571.5560302734375
2019-12-16,573.7639770507812
2019-12-17,575.823974609375
2019-12-18,574.8060302734375
2019-12-19,576.7210083007812
2019-12-20,576.2579956054688
2019-12-23,576.6859741210938
2019-12-24,577.6890258789062
2019-12-26,579.0900268554688
2019-12-27,578.405029296875
2019-12-30,577.5059814453125
2019-12-31,577.3250122070312
2020-01-02,590.739013671875
2020-01-03,608.2960205078125
2020-01-06,610.1170043945312
2020-01-07,599.1290283203125
2020-01-08,580.177978515625
2020-01-09,582.8880004882812
2020-01-10,585.2150268554688
2020-01-13,585.7050170898438
2020-01-14,585.0009765625
2020-01-15,582.1740112304688
2020-01-16,586.14599609375
2020-01-17,583.5770263671875
2020-01-21,582.5250244140625
2020-01-22,577.4990234375
2020-01-23,575.47802734375
2020-01-24,571.3090209960938
2020-01-27,568.0590209960938
2020-01-28,568.2369995117188
2020-01-29,568.9990234375
2020-01-30,567.7039794921875
2020-01-31,567.6480102539062
2020-02-03,508.1910095214844
2020-02-04,500.24798583984375
2020-02-05,510.27899169921875
2020-02-06,517.2509765625
2020-02-07,517.9609985351562
2020-02-10,511.68499755859375
2020-02-11,509.5509948730469
2020-02-12,522.7550048828125
2020-02-13,519.2000122070312
2020-02-14,523.2059936523438
2020-02-18,523.3800048828125
2020-02-19,528.958984375
2020-02-20,529.4869995117188
2020-02-21,527.280029296875
2020-02-24,522.7039794921875
2020-02-25,518.0850219726562
2020-02-26,515.301025390625
2020-02-27,513.7030029296875
2020-02-28,512.9000244140625
2020-03-02,469.74200439453125
2020-03-03,466.63800048828125
2020-03-04,474.8080139160156
2020-03-05,465.3590087890625
2020-03-06,431.8160095214844
2020-03-09,361.8169860839844
2020-03-10,368.8110046386719
2020-03-11,358.47100830078125
2020-03-12,310.5429992675781
2020-03-13,313.5459899902344
2020-03-16,273.1369934082031
2020-03-17,279.5830078125
2020-03-18,269.0840148925781
2020-03-19,276.09698486328125
2020-03-20,269.89300537109375
2020-03-23,253.39199829101562
2020-03-24,258.3030090332031
2020-03-25,266.0199890136719
2020-03-26,268.1199951171875
2020-03-27,268.9469909667969
2020-03-30,268.6470031738281
2020-03-31,269.21600341796875
2020-04-01,148.25100708007812
2020-04-02,185.4290008544922
2020-04-03,195.4600067138672
2020-04-06,196.10899353027344
2020-04-07,177.9290008544922
2020-04-08,184.0189971923828
2020-04-09,182.0330047607422
2020-04-13,187.9459991455078
2020-04-14,186.11900329589844
2020-04-15,186.33599853515625
2020-04-16,181.3679962158203
2020-04-17,182.26400756835938
2020-04-20,167.75599670410156
2020-04-21,147.23699951171875
2020-04-22,164.2830047607422
2020-04-23,160.0019989013672
2020-04-24,162.79800415039062
2020-04-27,159.55599975585938
2020-04-28,159.343994140625
2020-04-29,160.64199829101562
2020-04-30,161.21299743652344
2020-05-01,187.52099609375
2020-05-04,206.9949951171875
2020-05-05,232.58200073242188
2020-05-06,226.6540069580078
2020-05-07,237.093994140625
2020-05-08,242.45599365234375
2020-05-11,237.54800415039062
2020-05-12,234.81700134277344
2020-05-13,220.718994140625
2020-05-14,231.0800018310547
2020-05-15,237.65899658203125
2020-05-18,246.7570037841797
2020-05-19,251.21600341796875
2020-05-20,251.30799865722656
2020-05-21,251.33299255371094
2020-05-22,249.0970001220703
2020-05-26,249.4709930419922
2020-05-27,247.0260009765625
2020-05-28,246.9709930419922
2020-05-29,246.4739990234375
2020-06-01,310.281005859375
2020-06-02,323.35198974609375
2020-06-03,325.7539978027344
2020-06-04,336.8190002441406
2020-06-05,352.7659912109375
2020-06-08,346.6199951171875
2020-06-09,349.12200927734375
2020-06-10,347.43499755859375
2020-06-11,330.0639953613281
2020-06-12,332.1470031738281
2020-06-15,337.8169860839844
2020-06-16,345.1659851074219
2020-06-17,348.8340148925781
2020-06-18,352.8219909667969
2020-06-19,352.8080139160156
2020-06-22,354.0870056152344
2020-06-23,354.3059997558594
2020-06-24,347.49700927734375
2020-06-25,347.1059875488281
2020-06-26,345.79400634765625
2020-06-29,346.0840148925781
2020-06-30,346.4549865722656
2020-07-01,376.2340087890625
2020-07-02,388.19500732421875
2020-07-06,383.43798828125
2020-07-07,390.45098876953125
2020-07-08,392.79998779296875
2020-07-09,385.5610046386719
2020-07-10,392.8580017089844
2020-07-13,388.49798583984375
2020-07-14,384.4739990234375
2020-07-15,389.1719970703125
2020-07-16,383.99798583984375
2020-07-17,382.77301025390625
2020-07-20,382.43499755859375
2020-07-21,388.3030090332031
2020-07-22,387.281005859375
2020-07-23,385.41900634765625
2020-07-24,387.1830139160156
2020-07-27,385.8280029296875
2020-07-28,385.1310119628906
2020-07-29,384.24200439453125
2020-07-30,383.08599853515625
2020-07-31,382.7929992675781
2020-08-03,375.4670104980469
2020-08-04,378.3450012207031
2020-08-05,381.4739990234375
2020-08-06,383.3810119628906
2020-08-07,381.5400085449219
2020-08-10,386.02398681640625
2020-08-11,383.32598876953125
2020-08-12,391.7430114746094
2020-08-13,391.3070068359375
2020-08-14,392.8599853515625
2020-08-17,394.7749938964844
2020-08-18,396.5989990234375
2020-08-19,396.20001220703125
2020-08-20,394.9739990234375
2020-08-21,393.34600830078125
2020-08-24,396.8890075683594
2020-08-25,396.7439880371094
2020-08-26,396.42999267578125
2020-08-27,395.14801025390625
2020-08-28,394.9880065917969
2020-08-31,399.3299865722656
2020-09-01,404.5450134277344
2020-09-02,399.8110046386719
2020-09-03,399.05999755859375
2020-09-04,393.8819885253906
2020-09-08,375.1990051269531
2020-09-09,379.9410095214844
2020-09-10,375.69000244140625
2020-09-11,375.36700439453125
2020-09-14,377.68701171875
2020-09-15,382.3269958496094
2020-09-16,388.1199951171875
2020-09-17,392.8659973144531
2020-09-18,395.08599853515625
2020-09-21,387.17999267578125
2020-09-22,386.2560119628906
2020-09-23,387.1510009765625
2020-09-24,387.7409973144531
2020-09-25,388.3299865722656
2020-09-28,388.90899658203125
2020-09-29,387.5740051269531
2020-09-30,387.25
2020-10-01,380.9490051269531
2020-10-02,371.24700927734375
2020-10-05,387.16400146484375
2020-10-06,398.8349914550781
2020-10-07,384.5979919433594
2020-10-08,396.75201416015625
2020-10-09,391.9429931640625
2020-10-12,384.42498779296875
2020-10-13,387.3320007324219
2020-10-14,390.5790100097656
2020-10-15,388.5299987792969
2020-10-16,385.92498779296875
2020-10-19,383.87200927734375
2020-10-20,386.6929931640625
2020-10-21,381.3110046386719
2020-10-22,382.69000244140625
2020-10-23,381.2749938964844
2020-10-26,379.3080139160156
2020-10-27,381.0429992675781
2020-10-28,378.572998046875
2020-10-29,377.52899169921875
2020-10-30,377.385986328125
2020-11-02,337.9989929199219
2020-11-03,344.3330078125
2020-11-04,354.6310119628906
2020-11-05,355.3789978027344
2020-11-06,344.4419860839844
2020-11-09,363.2409973144531
2020-11-10,372.5069885253906
2020-11-11,369.2300109863281
2020-11-12,366.7749938964844
2020-11-13,361.9460144042969
2020-11-16,365.1029968261719
2020-11-17,366.4129943847656
2020-11-18,367.1759948730469
2020-11-19,367.00201416015625
2020-11-20,367.8550109863281
2020-11-23,370.4639892578125
2020-11-24,374.6289978027344
2020-11-25,376.2720031738281
2020-11-27,375.0480041503906
2020-11-30,374.60699462890625
2020-12-01,395.677001953125
2020-12-02,402.489013671875
2020-12-03,409.2380065917969
2020-12-04,411.8789978027344
2020-12-07,407.9830017089844
2020-12-08,408.3160095214844
2020-12-09,412.1130065917969
2020-12-10,419.4849853515625
2020-12-11,418.5769958496094
2020-12-14,419.2330017089844
2020-12-15,419.56500244140625
2020-12-16,421.6780090332031
2020-12-17,426.1619873046875
2020-12-18,427.21099853515625
2020-12-21,422.0069885253906
2020-12-22,419.9259948730469
2020-12-23,422.572998046875
2020-12-24,422.239990234375
2020-12-28,421.67999267578125
2020-12-29,422.43798828125
2020-12-30,422.9169921875
2020-12-31,422.9880065917969
2021-01-04,445.2950134277344
2021-01-05,467.9540100097656
2021-01-06,467.3349914550781
2021-01-07,473.1990051269531
2021-01-08,487.8489990234375
2021-01-11,483.02301025390625
2021-01-12,489.6719970703125
2021-01-13,489.1929931640625
2021-01-14,489.8420104980469
2021-01-15,484.031005859375
2021-01-19,486.135986328125
2021-01-20,486.6499938964844
2021-01-21,486.75299072265625
2021-01-22,485.3179931640625
2021-01-25,484.82000732421875
2021-01-26,485.4739990234375
2021-01-27,485.1940002441406
2021-01-28,484.8240051269531
2021-01-29,485.01300048828125
2021-02-01,502.927001953125
2021-02-02,507.6180114746094
2021-02-03,521.8690185546875
2021-02-04,522.0490112304688
2021-02-05,524.27197265625
2021-02-08,529.4400024414062
2021-02-09,530.1420288085938
2021-02-10,527.9810180664062
2021-02-11,527.4769897460938
2021-02-12,533.5609741210938
2021-02-16,541.2750244140625
2021-02-17,544.6729736328125
2021-02-18,544.3499755859375
2021-02-19,544.1939697265625
2021-02-22,547.6840209960938
2021-02-23,548.0449829101562
2021-02-24,549.3049926757812
2021-02-25,549.2979736328125
2021-02-26,549.0250244140625
2021-03-01,592.510986328125
2021-03-02,587.47802734375
2021-03-03,592.4970092773438
2021-03-04,605.6820068359375
2021-03-05,622.6370239257812
2021-03-08,612.843994140625
2021-03-09,613.0349731445312
2021-03-10,618.8359985351562
2021-03-11,627.4080200195312
2021-03-12,628.6060180664062
2021-03-15,622.3499755859375
2021-03-16,621.52001953125
2021-03-17,614.5780029296875
2021-03-18,598.81201171875
2021-03-19,599.7620239257812
2021-03-22,598.572998046875
2021-03-23,591.2650146484375
2021-03-24,599.5070190429688
2021-03-25,594.0020141601562
2021-03-26,597.3839721679688
2021-03-29,599.6859741210938
2021-03-30,599.843994140625
2021-03-31,600.2169799804688
2021-04-01,631.6929931640625
2021-04-05,611.3519897460938
2021-04-06,613.3989868164062
2021-04-07,607.760986328125
2021-04-08,610.833984375
2021-04-09,611.4329833984375
2021-04-12,611.2470092773438
2021-04-13,613.9730224609375
2021-04-14,627.6259765625
2021-04-15,630.8049926757812
2021-04-16,628.9439697265625
2021-04-19,630.166015625
2021-04-20,626.5689697265625
2021-04-21,621.8419799804688
2021-04-22,621.6740112304688
2021-04-23,623.9320068359375
2021-04-26,622.3300170898438
2021-04-27,623.6489868164062
2021-04-28,625.2109985351562
2021-04-29,625.6669921875
2021-04-30,625.125
2021-05-03,656.072021484375
2021-05-04,670.5540161132812
2021-05-05,671.802001953125
2021-05-06,658.85400390625
2021-05-07,660.9219970703125
2021-05-10,660.3170166015625
2021-05-11,661.208984375
2021-05-12,662.9400024414062
2021-05-13,649.9819946289062
2021-05-14,654.3179931640625
2021-05-17,658.3330078125
2021-05-18,658.0139770507812
2021-05-19,649.5449829101562
2021-05-20,643.8419799804688
2021-05-21,647.6270141601562
2021-05-24,652.469970703125
2021-05-25,651.8590087890625
2021-05-26,652.9459838867188
2021-05-27,652.635986328125
2021-05-28,652.7890014648438
2021-06-01,665.93798828125
2021-06-02,672.2059936523438
2021-06-03,673.2659912109375
2021-06-04,675.1160278320312
2021-06-07,670.030029296875
2021-06-08,673.7890014648438
2021-06-09,671.5570068359375
2021-06-10,674.0170288085938
2021-06-11,674.6480102539062
2021-06-14,673.2860107421875
2021-06-15,676.1170043945312
2021-06-16,676.47802734375
2021-06-17,673.968017578125
2021-06-18,677.35498046875
2021-06-21,679.52001953125
2021-06-22,680.60302734375
2021-06-23,683.2730102539062
2021-06-24,684.0289916992188
2021-06-25,683.7080078125
2021-06-28,682.1740112304688
2021-06-29,682.9299926757812
2021-06-30,682.8070068359375
2021-07-01,720.2119750976562
2021-07-02,728.030029296875
2021-07-06,711.4580078125
2021-07-07,710.93701171875
2021-07-08,717.9149780273438
2021-07-09,724.718994140625
2021-07-12,721.1389770507812
2021-07-13,729.4019775390625
2021-07-14,725.197021484375
2021-07-15,717.8660278320312
2021-07-16,718.4080200195312
2021-07-19,697.8319702148438
2021-07-20,699.6370239257812
2021-07-21,710.1129760742188
2021-07-22,715.166015625
2021-07-23,717.4110107421875
2021-07-26,717.656005859375
2021-07-27,717.8880004882812
2021-07-28,717.68798828125
2021-07-29,718.5180053710938
2021-07-30,718.2949829101562
2021-08-02,723.8099975585938
2021-08-03,722.1519775390625
2021-08-04,714.7940063476562
2021-08-05,723.968994140625
2021-08-06,716.822998046875
2021-08-09,708.2039794921875
2021-08-10,715.9119873046875
2021-08-11,721.5349731445312
2021-08-12,715.4509887695312
2021-08-13,713.4840087890625
2021-08-16,701.02099609375
2021-08-17,700.81201171875
2021-08-18,699.7949829101562
2021-08-19,692.1690063476562
2021-08-20,685.8629760742188
2021-08-23,696.1099853515625
2021-08-24,699.906005859375
2021-08-25,704.947998046875
2021-08-26,701.0289916992188
2021-08-27,701.7379760742188
2021-08-30,702.7639770507812
2021-08-31,702.4760131835938
2021-09-01,698.926025390625
2021-09-02,712.447021484375
2021-09-03,713.6119995117188
2021-09-07,706.3090209960938
2021-09-08,709.7750244140625
2021-09-09,702.551025390625
2021-09-10,714.8319702148438
2021-09-13,715.9609985351562
2021-09-14,716.4219970703125
2021-09-15,721.7680053710938
2021-09-16,718.8389892578125
2021-09-17,718.3670043945312
2021-09-20,710.4500122070312
2021-09-21,711.1530151367188
2021-09-22,714.6580200195312
2021-09-23,717.5659790039062
2021-09-24,717.3829956054688
2021-09-27,719.1859741210938
2021-09-28,717.9180297851562
2021-09-29,718.60400390625
2021-09-30,719.0
2021-10-01,743.3200073242188
2021-10-04,751.072998046875
2021-10-05,764.02099609375
2021-10-06,759.3839721679688
2021-10-07,765.8200073242188
2021-10-08,776.3839721679688
2021-10-11,780.7990112304688
2021-10-12,779.708984375
2021-10-13,785.5490112304688
2021-10-14,796.1370239257812
2021-10-15,799.7880249023438
2021-10-18,799.8499755859375
2021-10-19,797.0650024414062
2021-10-20,799.6069946289062
2021-10-21,795.2310180664062
2021-10-22,798.4970092773438
2021-10-25,801.3079833984375
2021-10-26,801.8489990234375
2021-10-27,799.1539916992188
2021-10-28,798.3880004882812
2021-10-29,799.1190185546875
2021-11-01,813.989013671875
2021-11-02,820.7050170898438
2021-11-03,792.7449951171875
2021-11-04,782.5969848632812
2021-11-05,792.10498046875
2021-11-08,798.676025390625
2021-11-09,811.0130004882812
2021-11-10,795.4219970703125
2021-11-11,800.6329956054688
2021-11-12,802.385009765625
2021-11-15,803.9400024414062
2021-11-16,809.27197265625
2021-11-17,798.7730102539062
2021-11-18,797.6959838867188
2021-11-19,784.031005859375
2021-11-22,786.0549926757812
2021-11-23,790.8469848632812
2021-11-24,788.9550170898438
2021-11-26,775.8740234375
2021-11-29,777.822021484375
2021-11-30,776.5230102539062
2021-12-01,629.4149780273438
2021-12-02,634.89697265625
2021-12-03,638.7969970703125
2021-12-06,666.3880004882812
2021-12-07,685.9669799804688
2021-12-08,692.593994140625
2021-12-09,683.8359985351562
2021-12-10,686.718017578125
2021-12-13,685.4459838867188
2021-12-14,684.7009887695312
2021-12-15,683.0419921875
2021-12-16,689.1690063476562
2021-12-17,682.5280151367188
2021-12-20,676.9099731445312
2021-12-21,682.8829956054688
2021-12-22,685.1710205078125
2021-12-23,687.5150146484375
2021-12-27,688.6829833984375
2021-12-28,689.343017578125
2021-12-29,690.4290161132812
2021-12-30,690.676025390625
2021-12-31,690.4520263671875
2022-01-03,736.448974609375
2022-01-04,746.927001953125
2022-01-05,747.2529907226562
2022-01-06,754.2570190429688
2022-01-07,751.4199829101562
2022-01-10,749.0009765625
2022-01-11,766.1209716796875
2022-01-12,774.5180053710938
2022-01-13,773.531005859375
2022-01-14,782.8099975585938
2022-01-18,784.469970703125
2022-01-19,787.43701171875
2022-01-20,789.010009765625
2022-01-21,787.0670166015625
2022-01-24,783.3109741210938
2022-01-25,787.6409912109375
2022-01-26,790.5330200195312
2022-01-27,789.72998046875
2022-01-28,789.9429931640625
2022-01-31,790.18798828125
2022-02-01,840.7789916992188
2022-02-02,849.35302734375
2022-02-03,861.4340209960938
2022-02-04,874.85302734375
2022-02-07,877.1160278320312
2022-02-08,865.4910278320312
2022-02-09,875.5770263671875
2022-02-10,878.8629760742188
2022-02-11,894.9959716796875
2022-02-14,901.8809814453125
2022-02-15,880.9580078125
2022-02-16,884.3820190429688
2022-02-17,879.8359985351562
2022-02-18,878.9149780273438
2022-02-22,883.4099731445312
2022-02-23,884.3909912109375
2022-02-24,887.2550048828125
2022-02-25,886.4229736328125
2022-02-28,887.68798828125
2022-03-01,963.0089721679688
2022-03-02,1037.7049560546875
2022-03-03,1030.10302734375
2022-03-04,1120.7320556640625
2022-03-07,1145.345947265625
2022-03-08,1173.845947265625
2022-03-09,1073.552001953125
2022-03-10,1045.509033203125
2022-03-11,1080.9420166015625
2022-03-14,1048.762939453125
2022-03-15,1009.4030151367188
2022-03-16,1007.2160034179688
2022-03-17,1041.2130126953125
2022-03-18,1043.79296875
2022-03-21,1062.1199951171875
2022-03-22,1059.1259765625
2022-03-23,1068.404052734375
2022-03-24,1064.2740478515625
2022-03-25,1069.43701171875
2022-03-28,1055.8480224609375
2022-03-29,1057.342041015625
2022-03-30,1062.137939453125
2022-03-31,1061.4019775390625
2022-04-01,1040.89599609375
2022-04-04,1047.31005859375
2022-04-05,1041.06298828125
2022-04-06,1009.655029296875
2022-04-07,1009.156005859375
2022-04-08,1028.93603515625
2022-04-11,999.0089721679688
2022-04-12,1026.2010498046875
2022-04-13,1050.2969970703125
2022-04-14,1065.3380126953125
2022-04-18,1064.791015625
2022-04-19,1044.22802734375
2022-04-20,1045.1929931640625
2022-04-21,1051.8260498046875
2022-04-22,1047.7969970703125
2022-04-25,1039.050048828125
2022-04-26,1043.1710205078125
2022-04-27,1046.487060546875
2022-04-28,1046.5269775390625
2022-04-29,1047.0
2022-05-02,1135.5350341796875
2022-05-03,1125.0589599609375
2022-05-04,1170.9029541015625
2022-05-05,1179.154052734375
2022-05-06,1208.27294921875
2022-05-09,1168.06396484375
2022-05-10,1149.2120361328125
2022-05-11,1177.115966796875
2022-05-12,1199.4320068359375
2022-05-13,1238.6729736328125
2022-05-16,1237.676025390625
2022-05-17,1229.404052734375
2022-05-18,1204.18798828125
2022-05-19,1217.89697265625
2022-05-20,1216.64794921875
2022-05-23,1214.281982421875
2022-05-24,1219.9000244140625
2022-05-25,1225.635986328125
2022-05-26,1232.071044921875
2022-05-27,1240.8590087890625
2022-05-31,1245.571044921875
2022-06-01,1423.6400146484375
2022-06-02,1463.2919921875
2022-06-03,1483.666015625
2022-06-06,1433.2659912109375
2022-06-07,1420.58203125
2022-06-08,1438.6939697265625
2022-06-09,1460.79296875
2022-06-10,1444.0179443359375
2022-06-13,1397.6829833984375
2022-06-14,1386.322998046875
2022-06-15,1351.3299560546875
2022-06-16,1376.97802734375
2022-06-17,1349.3580322265625
2022-06-21,1351.4720458984375
2022-06-22,1355.449951171875
2022-06-23,1349.31396484375
2022-06-24,1361.487060546875
2022-06-27,1359.8310546875
2022-06-28,1363.3070068359375
2022-06-29,1360.27099609375
2022-06-30,1356.2130126953125
2022-07-01,1255.85595703125
2022-07-05,1145.1240234375
2022-07-06,1127.074951171875
2022-07-07,1173.781982421875
2022-07-08,1184.343017578125
2022-07-11,1191.8160400390625
2022-07-12,1138.469970703125
2022-07-13,1118.6259765625
2022-07-14,1098.2490234375
2022-07-15,1107.0830078125
2022-07-18,1119.9420166015625
2022-07-19,1121.52099609375
2022-07-20,1114.5780029296875
2022-07-21,1098.7559814453125
2022-07-22,1095.031982421875
2022-07-25,1101.251953125
2022-07-26,1099.0789794921875
2022-07-27,1102.2879638671875
2022-07-28,1101.781982421875
2022-07-29,1100.905029296875
2022-08-01,991.656005859375
2022-08-02,992.8770141601562
2022-08-03,960.1400146484375
2022-08-04,922.1890258789062
2022-08-05,927.7830200195312
2022-08-08,939.0709838867188
2022-08-09,950.2319946289062
2022-08-10,962.4910278320312
2022-08-11,965.7210083007812
2022-08-12,956.3870239257812
2022-08-15,941.6649780273438
2022-08-16,930.0590209960938
2022-08-17,941.5390014648438
2022-08-18,947.22802734375
2022-08-19,947.35302734375
2022-08-22,935.0239868164062
2022-08-23,941.666015625
2022-08-24,933.64501953125
2022-08-25,933.6370239257812
2022-08-26,934.4039916992188
2022-08-29,935.2410278320312
2022-08-30,930.541015625
2022-08-31,928.7839965820312
2022-09-01,793.114013671875
2022-09-02,817.8049926757812
2022-09-06,815.2730102539062
2022-09-07,792.8729858398438
2022-09-08,802.177001953125
2022-09-09,819.4810180664062
2022-09-12,824.6810302734375
2022-09-13,829.8259887695312
2022-09-14,835.3359985351562
2022-09-15,819.5070190429688
2022-09-16,817.802001953125
2022-09-19,825.0590209960938
2022-09-20,819.6119995117188
2022-09-21,826.198974609375
2022-09-22,827.010986328125
2022-09-23,816.3280029296875
2022-09-26,814.9219970703125
2022-09-27,820.0059814453125
2022-09-28,823.7169799804688
2022-09-29,822.5230102539062
2022-09-30,822.4169921875
2022-10-03,828.5269775390625
2022-10-04,873.6060180664062
2022-10-05,872.7620239257812
2022-10-06,885.3090209960938
2022-10-07,912.3280029296875
2022-10-10,888.47900390625
2022-10-11,888.6430053710938
2022-10-12,897.1279907226562
2022-10-13,939.4359741210938
2022-10-14,927.39501953125
2022-10-17,912.3770141601562
2022-10-18,896.927001953125
2022-10-19,908.85400390625
2022-10-20,907.1829833984375
2022-10-21,911.0009765625
2022-10-24,914.1959838867188
2022-10-25,924.2349853515625
2022-10-26,923.9349975585938
2022-10-27,928.6589965820312
2022-10-28,927.0809936523438
2022-10-31,925.2139892578125
2022-11-01,863.4110107421875
2022-11-02,912.0130004882812
2022-11-03,908.989013671875
2022-11-04,938.4190063476562
2022-11-07,920.4019775390625
2022-11-08,907.9710083007812
2022-11-09,886.5230102539062
2022-11-10,895.5570068359375
2022-11-11,907.7630004882812
2022-11-14,890.177001953125
2022-11-15,886.52099609375
2022-11-16,886.0960083007812
2022-11-17,868.81298828125
2022-11-18,864.3060302734375
2022-11-21,856.9310302734375
2022-11-22,864.7059936523438
2022-11-23,859.5339965820312
2022-11-25,850.385986328125
2022-11-28,850.3880004882812
2022-11-29,851.0189819335938
2022-11-30,852.2730102539062
2022-12-01,746.9019775390625
2022-12-02,734.3939819335938
2022-12-05,715.6090087890625
2022-12-06,698.176025390625
2022-12-07,678.5050048828125
2022-12-08,666.56201171875
2022-12-09,668.4660034179688
2022-12-12,673.9920043945312
2022-12-13,686.9829711914062
2022-12-14,701.6950073242188
2022-12-15,688.7940063476562
2022-12-16,683.8900146484375
2022-12-19,689.2020263671875
2022-12-20,694.7969970703125
2022-12-21,698.0540161132812
2022-12-22,698.3049926757812
2022-12-23,705.8480224609375
2022-12-27,704.6199951171875
2022-12-28,704.8690185546875
2022-12-29,705.1329956054688
2022-12-30,705.7000122070312
2023-01-03,763.8569946289062
2023-01-04,729.364990234375
2023-01-05,729.2869873046875
2023-01-06,727.1010131835938
2023-01-09,741.3800048828125
2023-01-10,752.3740234375
2023-01-11,781.6370239257812
2023-01-12,791.0
2023-01-13,799.781982421875
2023-01-17,805.156982421875
2023-01-18,802.5029907226562
2023-01-19,813.7369995117188
2023-01-20,819.18798828125
2023-01-23,823.4340209960938
2023-01-24,816.8460083007812
2023-01-25,812.7020263671875
2023-01-26,815.1630249023438
2023-01-27,814.4810180664062
2023-01-30,812.7069702148438
2023-01-31,813.344970703125
2023-02-01,806.177978515625
2023-02-02,806.5830078125
2023-02-03,770.9609985351562
2023-02-06,784.0770263671875
2023-02-07,806.7639770507812
2023-02-08,803.843994140625
2023-02-09,807.0280151367188
2023-02-10,821.43798828125
2023-02-13,824.1060180664062
2023-02-14,816.9140014648438
2023-02-15,815.281005859375
2023-02-16,805.5089721679688
2023-02-17,800.6959838867188
2023-02-21,804.1669921875
2023-02-22,800.0770263671875
2023-02-23,802.3790283203125
2023-02-24,803.5560302734375
2023-02-27,804.2470092773438
2023-02-28,804.5499877929688
2023-03-01,819.6240234375
2023-03-02,825.364013671875
2023-03-03,837.2150268554688
2023-03-06,846.5780029296875
2023-03-07,823.1580200195312
2023-03-08,821.4500122070312
2023-03-09,803.7340087890625
2023-03-10,811.0130004882812
2023-03-13,799.0360107421875
2023-03-14,787.3579711914062
2023-03-15,764.427978515625
2023-03-16,774.68798828125
2023-03-17,772.3779907226562
2023-03-20,776.4450073242188
2023-03-21,777.1719970703125
2023-03-22,781.6719970703125
2023-03-23,782.3280029296875
2023-03-24,783.6710205078125
2023-03-27,789.8560180664062
2023-03-28,791.197021484375
2023-03-29,791.1420288085938
2023-03-30,791.7000122070312
2023-03-31,792.3369750976562
2023-04-03,883.0040283203125
2023-04-04,879.7340087890625
2023-04-05,898.2030029296875
2023-04-06,895.5
2023-04-10,894.031005859375
2023-04-11,912.9910278320312
2023-04-12,911.780029296875
2023-04-13,901.4240112304688
2023-04-14,904.0020141601562
2023-04-17,894.1179809570312
2023-04-18,886.9180297851562
2023-04-19,872.8809814453125
2023-04-20,863.9240112304688
2023-04-21,866.39697265625
2023-04-24,869.1229858398438
2023-04-25,866.9940185546875
2023-04-26,864.594970703125
2023-04-27,864.7369995117188
2023-04-28,865.8060302734375
2023-05-01,818.6370239257812
2023-05-02,777.4760131835938
2023-05-03,746.1220092773438
2023-05-04,749.531005859375
2023-05-05,767.6010131835938
2023-05-08,790.719970703125
2023-05-09,797.5560302734375
2023-05-10,800.52197265625
2023-05-11,793.9990234375
2023-05-12,783.9719848632812
2023-05-15,791.8629760742188
2023-05-16,794.0349731445312
2023-05-17,807.4520263671875
2023-05-18,807.3900146484375
2023-05-19,807.2509765625
2023-05-22,811.2470092773438
2023-05-23,813.3590087890625
2023-05-24,819.2420043945312
2023-05-25,814.5139770507812
2023-05-26,814.8909912109375
2023-05-30,811.7479858398438
2023-05-31,810.43798828125
2023-06-01,784.8670043945312
2023-06-02,808.573974609375
2023-06-05,813.3920288085938
2023-06-06,821.3519897460938
2023-06-07,836.4149780273438
2023-06-08,834.0139770507812
2023-06-09,827.5260009765625
2023-06-12,801.4110107421875
2023-06-13,815.239990234375
2023-06-14,814.0579833984375
2023-06-15,830.3410034179688
2023-06-16,839.7490234375
2023-06-20,830.1530151367188
2023-06-21,828.8980102539062
2023-06-22,821.9140014648438
2023-06-23,818.4539794921875
2023-06-26,819.2310180664062
2023-06-27,816.948974609375
2023-06-28,819.385009765625
2023-06-29,819.364990234375
2023-06-30,819.3300170898438
2023-07-03,790.3560180664062
2023-07-05,809.3989868164062
2023-07-06,815.5349731445312
2023-07-07,826.6279907226562
2023-07-10,822.4229736328125
2023-07-11,835.864013671875
2023-07-12,848.302978515625
2023-07-13,854.0859985351562
2023-07-14,847.2919921875
2023-07-17,846.3690185546875
2023-07-18,856.3469848632812
2023-07-19,860.6859741210938
2023-07-20,866.5659790039062
2023-07-21,871.9119873046875
2023-07-24,878.7739868164062
2023-07-25,875.7839965820312
2023-07-26,877.625
2023-07-27,879.489990234375
2023-07-28,879.4650268554688
2023-07-31,879.6069946289062
2023-08-01,956.4169921875
2023-08-02,926.9849853515625
2023-08-03,926.4810180664062
2023-08-04,930.6909790039062
2023-08-07,935.81298828125
2023-08-08,950.47900390625
2023-08-09,968.1690063476562
2023-08-10,965.718017578125
2023-08-11,974.875
2023-08-14,966.5969848632812
2023-08-15,962.489990234375
2023-08-16,973.1510009765625
2023-08-17,971.2479858398438
2023-08-18,971.968994140625
2023-08-21,968.1799926757812
2023-08-22,972.0050048828125
2023-08-23,972.8930053710938
2023-08-24,976.2039794921875
2023-08-25,979.2219848632812
2023-08-28,975.3720092773438
2023-08-29,975.89501953125
2023-08-30,975.8560180664062
2023-08-31,975.6820068359375
2023-09-01,941.0089721679688
2023-09-05,932.6129760742188
2023-09-06,945.47900390625
2023-09-07,951.14501953125
2023-09-08,967.7540283203125
2023-09-11,983.6339721679688
2023-09-12,980.489013671875
2023-09-13,981.1110229492188
2023-09-14,977.7579956054688
2023-09-15,976.676025390625
2023-09-18,978.7689819335938
2023-09-19,974.35302734375
2023-09-20,971.7119750976562
2023-09-21,971.6599731445312
2023-09-22,966.614990234375
2023-09-25,964.9459838867188
2023-09-26,964.0570068359375
2023-09-27,965.280029296875
2023-09-28,961.843017578125
2023-09-29,959.6430053710938
2023-10-02,843.697021484375
2023-10-03,827.1510009765625
2023-10-04,781.0120239257812
2023-10-05,780.3289794921875
2023-10-06,781.8599853515625
2023-10-09,799.75
2023-10-10,805.302978515625
2023-10-11,796.2260131835938
2023-10-12,785.9710083007812
2023-10-13,800.530029296875
2023-10-16,796.9249877929688
2023-10-17,802.1690063476562
2023-10-18,814.7899780273438
2023-10-19,816.885986328125
2023-10-20,820.0540161132812
2023-10-23,815.614013671875
2023-10-24,811.02001953125
2023-10-25,811.39697265625
2023-10-26,810.18798828125
2023-10-27,811.9039916992188
2023-10-30,810.8740234375
2023-10-31,811.739013671875
2023-11-01,773.510986328125
2023-11-02,791.4080200195312
2023-11-03,777.6240234375
2023-11-06,790.1610107421875
2023-11-07,778.5910034179688
2023-11-08,769.4450073242188
2023-11-09,778.0
2023-11-10,785.0089721679688
2023-11-13,795.6380004882812
2023-11-14,792.4140014648438
2023-11-15,785.9019775390625
2023-11-16,765.6090087890625
2023-11-17,777.0800170898438
2023-11-20,784.0809936523438
2023-11-21,785.1519775390625
2023-11-22,783.2210083007812
2023-11-24,779.1580200195312
2023-11-27,779.9219970703125
2023-11-28,781.4990234375
2023-11-29,781.6389770507812
2023-11-30,780.9769897460938
2023-12-01,730.4979858398438
2023-12-04,733.052001953125
2023-12-05,728.3179931640625
2023-12-06,706.6539916992188
2023-12-07,698.2789916992188
2023-12-08,711.1519775390625
2023-12-11,709.4860229492188
2023-12-12,697.9390258789062
2023-12-13,705.8610229492188
2023-12-14,721.4500122070312
2023-12-15,722.4979858398438
2023-12-18,723.89697265625
2023-12-19,727.7849731445312
2023-12-20,727.4520263671875
2023-12-21,724.4970092773438
2023-12-22,723.051025390625
2023-12-26,724.552978515625
2023-12-27,724.6160278320312
2023-12-28,723.5999755859375
2023-12-29,723.89501953125
2024-01-02,717.3889770507812
2024-01-03,735.4110107421875
2024-01-04,724.9439697265625
2024-01-05,723.8330078125
2024-01-08,702.93798828125
2024-01-09,714.60400390625
2024-01-10,715.1160278320312
2024-01-11,726.9130249023438
2024-01-12,729.6290283203125
2024-01-16,733.2579956054688
2024-01-17,734.2020263671875
2024-01-18,741.4739990234375
2024-01-19,738.9869995117188
2024-01-22,747.4349975585938
2024-01-23,744.2949829101562
2024-01-24,744.9559936523438
2024-01-25,749.8770141601562
2024-01-26,751.3350219726562
2024-01-29,749.2310180664062
2024-01-30,749.7969970703125
2024-01-31,749.0339965820312
2024-02-01,771.2769775390625
2024-02-02,757.22802734375
2024-02-05,775.47802734375
2024-02-06,777.7130126953125
2024-02-07,787.47802734375
2024-02-08,807.6099853515625
2024-02-09,807.8369750976562
2024-02-12,813.4390258789062
2024-02-13,816.5280151367188
2024-02-14,807.0989990234375
2024-02-15,809.0289916992188
2024-02-16,812.8179931640625
2024-02-20,802.8989868164062
2024-02-21,806.3330078125
2024-02-22,810.1610107421875
2024-02-23,805.8599853515625
2024-02-26,807.10302734375
2024-02-27,809.4149780273438
2024-02-28,807.4639892578125
2024-02-29,808.0
2024-03-01,852.6339721679688
2024-03-04,845.3920288085938
2024-03-05,828.2940063476562
2024-03-06,833.4420166015625
2024-03-07,829.7150268554688
2024-03-08,829.3989868164062
2024-03-11,840.8660278320312
2024-03-12,839.3480224609375
2024-03-13,849.8800048828125
2024-03-14,852.3989868164062
2024-03-15,855.0159912109375
2024-03-18,860.926025390625
2024-03-19,861.2160034179688
2024-03-20,857.2109985351562
2024-03-21,855.1209716796875
2024-03-22,857.385009765625
2024-03-25,858.5670166015625
2024-03-26,857.948974609375
2024-03-27,858.4719848632812
2024-03-28,859.7750244140625
2024-04-01,913.1420288085938
2024-04-02,925.8519897460938
2024-04-03,927.5999755859375
2024-04-04,938.3510131835938
2024-04-05,936.6309814453125
2024-04-08,927.1799926757812
2024-04-09,927.0809936523438
2024-04-10,932.5809936523438
2024-04-11,933.405029296875
2024-04-12,940.7830200195312
2024-04-15,939.5349731445312
2024-04-16,946.2529907226562
2024-04-17,931.697998046875
2024-04-18,929.041015625
2024-04-19,928.176025390625
2024-04-22,925.4509887695312
2024-04-23,926.2620239257812
2024-04-24,926.5570068359375
2024-04-25,928.7620239257812
2024-04-26,929.6099853515625
2024-04-29,929.1500244140625
2024-04-30,928.905029296875
2024-05-01,876.7520141601562
2024-05-02,884.2639770507812
2024-05-03,875.0770263671875
2024-05-06,885.0029907226562
2024-05-07,870.60400390625
2024-05-08,868.625
2024-05-09,872.343017578125
2024-05-10,865.0590209960938
2024-05-13,867.0980224609375
2024-05-14,856.7750244140625
2024-05-15,864.7620239257812
2024-05-16,871.1179809570312
2024-05-17,877.8079833984375
2024-05-20,874.0579833984375
2024-05-21,869.0750122070312
2024-05-22,862.2360229492188
2024-05-23,863.0700073242188
2024-05-24,863.280029296875
2024-05-28,863.9879760742188
2024-05-29,862.583984375
2024-05-30,861.125
2024-05-31,860.905029296875
2024-06-03,790.5960083007812
2024-06-04,791.3189697265625
2024-06-05,793.2620239257812
2024-06-06,802.385009765625
2024-06-07,800.2689819335938
2024-06-10,807.1589965820312
2024-06-11,803.3410034179688
2024-06-12,799.2429809570312
2024-06-13,800.0910034179688
2024-06-14,797.989013671875
2024-06-17,804.60302734375
2024-06-18,808.89501953125
2024-06-20,811.094970703125
2024-06-21,812.385986328125
2024-06-24,810.9730224609375
2024-06-25,810.2930297851562
2024-06-26,811.2589721679688
2024-06-27,810.9149780273438
2024-06-28,810.8499755859375
2024-07-01,844.0469970703125
2024-07-02,846.594970703125
2024-07-03,860.3770141601562
2024-07-05,844.31298828125
2024-07-08,839.5689697265625
2024-07-09,837.1599731445312
2024-07-10,833.39599609375
2024-07-11,837.7639770507812
2024-07-12,837.4550170898438
2024-07-15,834.4760131835938
2024-07-16,829.6010131835938
2024-07-17,831.4580078125
2024-07-18,832.9760131835938
2024-07-19,823.4860229492188
2024-07-22,826.1110229492188
2024-07-23,819.9030151367188
2024-07-24,823.4929809570312
2024-07-25,824.0490112304688
2024-07-26,823.2869873046875
2024-07-29,821.4580078125
2024-07-30,820.927978515625
2024-07-31,821.77197265625
2024-08-01,805.0079956054688
2024-08-02,778.2940063476562
2024-08-05,773.35400390625
2024-08-06,771.7659912109375
2024-08-07,780.89501953125
2024-08-08,791.791015625
2024-08-09,788.2249755859375
2024-08-12,800.8709716796875
2024-08-13,788.8099975585938
2024-08-14,779.47998046875
2024-08-15,783.2449951171875
2024-08-16,775.3699951171875
2024-08-19,769.1329956054688
2024-08-20,767.2009887695312
2024-08-21,762.3179931640625
2024-08-22,765.302001953125
2024-08-23,767.8159790039062
2024-08-26,767.469970703125
2024-08-27,766.1840209960938
2024-08-28,764.0050048828125
2024-08-29,763.927978515625
2024-08-30,763.594970703125
2024-09-03,690.0919799804688
2024-09-04,679.0750122070312
2024-09-05,669.5130004882812
2024-09-06,661.39697265625
2024-09-09,668.1799926757812
2024-09-10,655.1719970703125
2024-09-11,669.635986328125
2024-09-12,675.5280151367188
2024-09-13,674.7930297851562
2024-09-16,679.1920166015625
2024-09-17,687.6690063476562
2024-09-18,689.5789794921875
2024-09-19,696.1480102539062
2024-09-20,693.6719970703125
2024-09-23,688.2109985351562
2024-09-24,690.406982421875
2024-09-25,688.6270141601562
2024-09-26,686.7880249023438
2024-09-27,686.6229858398438
2024-09-30,686.3330078125
2024-10-01,678.5540161132812
2024-10-02,686.0980224609375
2024-10-03,717.083984375
2024-10-04,716.3930053710938
2024-10-07,732.8319702148438
2024-10-08,712.7849731445312
2024-10-09,710.9149780273438
2024-10-10,731.9840087890625
2024-10-11,733.9010009765625
2024-10-14,726.0260009765625
2024-10-15,712.0339965820312
2024-10-16,711.9530029296875
2024-10-17,711.6909790039062
2024-10-18,704.9910278320312
2024-10-21,709.8330078125
2024-10-22,716.031982421875
2024-10-23,713.0230102539062
2024-10-24,710.7869873046875
2024-10-25,712.5330200195312
2024-10-28,704.5560302734375
2024-10-29,703.8690185546875
2024-10-30,704.6160278320312
2024-10-31,704.6199951171875
2024-11-01,667.0709838867188
2024-11-04,683.4760131835938
2024-11-05,691.3309936523438
2024-11-06,684.6010131835938
2024-11-07,689.3909912109375
2024-11-08,678.7739868164062
2024-11-11,664.052978515625
2024-11-12,666.114013671875
2024-11-13,665.8309936523438
2024-11-14,668.5330200195312
2024-11-15,662.10400390625
2024-11-18,671.7960205078125
2024-11-19,673.1259765625
2024-11-20,673.5230102539062
2024-11-21,675.9310302734375
2024-11-22,675.9459838867188
2024-11-25,671.8820190429688
2024-11-26,670.8989868164062
2024-11-27,670.1270141601562
2024-11-29,670.3209838867188
2024-12-02,657.3200073242188
2024-12-03,670.8380126953125
2024-12-04,663.301025390625
2024-12-05,660.8980102539062
2024-12-06,653.3140258789062
2024-12-09,664.2329711914062
2024-12-10,666.93798828125
2024-12-11,675.447998046875
2024-12-12,676.2540283203125
2024-12-13,679.343994140625
2024-12-16,674.7960205078125
2024-12-17,670.4180297851562
2024-12-18,671.9030151367188
2024-12-19,670.0780029296875
2024-12-20,671.39599609375
2024-12-23,670.9910278320312
2024-12-24,671.8159790039062
2024-12-26,671.1290283203125
2024-12-27,671.9340209960938
2024-12-30,671.8510131835938
2024-12-31,671.8629760742188
2025-01-02,702.3359985351562
2025-01-03,705.4970092773438
2025-01-06,700.4420166015625
2025-01-07,699.9829711914062
2025-01-08,696.2769775390625
2025-01-09,698.2310180664062
2025-01-10,709.9580078125
2025-01-13,714.60498046875
2025-01-14,714.3690185546875
2025-01-15,723.3049926757812
2025-01-16,718.406005859375
2025-01-17,717.6939697265625
2025-01-21,715.9559936523438
2025-01-22,715.7659912109375
2025-01-23,717.27001953125
2025-01-24,716.0859985351562
2025-01-27,713.9180297851562
2025-01-28,715.1500244140625
2025-01-29,714.260009765625
2025-01-30,714.2130126953125
2025-01-31,714.2949829101562
2025-02-03,728.4110107421875
2025-02-04,724.7349853515625
2025-02-05,712.3330078125
2025-02-06,715.3469848632812
2025-02-07,719.81298828125
2025-02-10,723.2659912109375
2025-02-11,731.2520141601562
2025-02-12,718.5850219726562
2025-02-13,719.8610229492188
2025-02-14,718.7509765625
2025-02-18,719.156005859375
2025-02-19,719.9539794921875
2025-02-20,719.4990234375
2025-02-21,713.7550048828125
2025-02-24,714.2009887695312
2025-02-25,711.3679809570312
2025-02-26,710.7960205078125
2025-02-27,711.322998046875
2025-02-28,710.9130249023438
2025-03-03,672.3380126953125
2025-03-04,663.333984375
2025-03-05,646.77099609375
2025-03-06,634.7100219726562
2025-03-07,634.552978515625
2025-03-10,632.448974609375
2025-03-11,636.7509765625
2025-03-12,650.2059936523438
2025-03-13,646.6160278320312
2025-03-14,649.010986328125
2025-03-17,651.281005859375
2025-03-18,650.1640014648438
2025-03-19,650.7550048828125
2025-03-20,653.2650146484375
2025-03-21,652.7689819335938
2025-03-24,653.822021484375
2025-03-25,654.93701171875
2025-03-26,656.5070190429688
2025-03-27,657.2449951171875
2025-03-28,657.7230224609375
2025-03-31,658.405029296875
2025-04-01,733.2260131835938
2025-04-02,737.426025390625
2025-04-03,697.010986328125
2025-04-04,665.2780151367188
2025-04-07,656.2100219726562
2025-04-08,648.39501953125
2025-04-09,659.39697265625
2025-04-10,643.2509765625
2025-04-11,652.6959838867188
