date,t,cp_location,cp_location_norm,cp_score
2001-03-23,126,63.0,0.5,nan
2001-03-26,127,58.2951031771938,0.5452769589111603,0.999964035569812
2001-03-27,128,51.3373320877078,0.6084338723197793,0.9999850366576245
2001-03-28,129,66.33113786590093,0.49737192169919897,0.9952039537039065
2001-03-29,130,51.3502065797552,0.6242047096844826,0.9999625894580021
2001-03-30,131,51.36421389569221,0.6320300484468871,0.9999514187417942
2001-04-02,132,51.36819969156187,0.6399349230828423,0.9999112416905281
2001-04-04,133,51.33793569734757,0.6481116214496224,0.9998395239257316
2001-04-05,134,84.94709456413982,0.38930877330047764,0.797016232526982
2001-04-06,135,92.9774801974925,0.3335120619246627,0.7731530311988573
2001-04-09,136,92.98283635384992,0.3414060606837308,0.7912719563270777
2001-04-10,137,95.06832414113673,0.3327910782449466,0.7844009341272892
2001-04-11,138,80.66253579853517,0.4550592396941653,0.622105260474699
2001-04-12,139,80.63208877665981,0.46323739066143005,0.6246702650132508
2001-04-16,140,80.59558399087992,0.4714636191200007,0.6302986908627514
2001-04-17,141,95.19804681068317,0.36350756499457804,0.8049664819431916
2001-04-18,142,84.99905013665193,0.45238849097895295,0.6958574742415391
2001-04-19,143,118.69799269278592,0.19287307386677843,0.9602363336208696
2001-04-20,144,81.16125191233837,0.49872022291794943,0.5851906518782666
2001-04-23,145,85.71796437878562,0.4704923462001141,0.6290623967727158
2001-04-24,146,85.60870530994936,0.47929598960357656,0.6445684002173798
2001-04-25,147,85.49574188566575,0.4881290326534464,0.6596810564164435
2001-04-26,148,85.49703715290593,0.49605526069122274,0.6684242594568361
2001-04-27,149,85.48494080666711,0.5040877713756579,0.6478756319003525
2001-04-30,150,85.42846796831996,0.5124724764419051,0.6623707584354874
2001-05-01,151,81.11242437026004,0.5546632986487298,0.60222298105939
2001-05-02,152,81.03962512249856,0.5631775783928685,0.6299552012889001
2001-05-03,153,113.40698317962297,0.31423029222521454,0.9548933414407543
2001-05-04,154,80.82424428420529,0.5807599659983707,0.6548222362461975
2001-05-07,155,111.03156321170492,0.34895584752615144,0.9442775947995943
2001-05-08,156,110.05316247099934,0.3646574407063545,0.9421154222606705
2001-05-09,157,109.89247751947664,0.37386922603589967,0.9462280433896063
2001-05-10,158,112.32302316712773,0.36251568914977994,0.9589178715858023
2001-05-11,159,114.73337804653673,0.35132239645605773,0.9763319301372825
2001-05-14,160,113.43012964668243,0.36960214566125055,0.9719956875514202
2001-05-15,161,112.86935945377147,0.38198921068435343,0.971672288258131
2001-05-16,162,112.01969340609669,0.39666909995161354,0.969610493390719
2001-05-17,163,111.02834890506097,0.41247342138840504,0.9674656649740465
2001-05-18,164,109.7033689700619,0.4309256430947468,0.96480100947437
2001-05-21,165,108.42711994537122,0.44899111154467286,0.9636006333254254
2001-05-22,166,107.11299422215646,0.467357188713044,0.9625936795390019
2001-05-23,167,105.92754983827935,0.4847019854104814,0.962627175783516
2001-05-24,168,78.98570800847293,0.7064626348533894,0.8686412893718112
2001-05-25,169,104.82522343778054,0.5093236235096783,0.9675156386535593
2001-05-29,170,78.99085018106936,0.7222948398327829,0.9157673858641486
2001-05-30,171,83.84376049786087,0.6917161865249137,0.9199898044359589
2001-05-31,172,103.74718981447387,0.5416889697263979,0.9751514254398218
2001-06-01,173,102.33737958787489,0.5608144477152787,0.9775528967117306
2001-06-04,174,101.17456000649223,0.5779796824881569,0.9794008748361507
2001-06-05,175,100.72266760399155,0.5895026380635591,0.9802859950345841
2001-06-06,176,78.97377307926158,0.7700494200058605,0.9640697966152583
2001-06-07,177,78.98017939683854,0.7779350841520751,0.9702659004254981
2001-06-08,178,78.97761299620188,0.7858919603476041,0.9791206876659925
2001-06-11,179,96.69523001353198,0.6532124602100636,0.9871318725858111
2001-06-12,180,96.62834869627022,0.6616797722518236,0.985721053949791
2001-06-13,181,78.98129668408991,0.8096722485389689,0.9840121240129225
2001-06-14,182,78.97865459321207,0.8176297254506979,0.987695612602186
2001-06-15,183,82.08425036059394,0.8009186479317941,0.989497275314951
2001-06-18,184,78.73179571205915,0.8354619387931813,0.9924880231700796
2001-06-19,185,81.33027527755735,0.8227755930352592,0.9959467912804639
2001-06-20,186,81.3430871810468,0.8306104191980412,0.994766686835145
2001-06-21,187,78.15219711614677,0.8638714514591527,0.9958242608095695
2001-06-22,188,77.85906357827255,0.8741344160454559,0.9966594758542162
2001-06-25,189,63.00000000241711,0.9999999999808166,0.9945000482605342
2001-06-26,190,90.28650019540339,0.7913769825761635,0.9909103426009739
2001-06-27,191,133.00083141025493,0.46031086182337355,0.5779354644125846
2001-06-28,192,132.6676454431808,0.4708917028318985,0.6114061897973395
2001-06-29,193,132.65463494863678,0.47893146866161285,0.611752177084761
2001-07-02,194,132.67028763486047,0.4867437489296788,0.6133877328365169
2001-07-03,195,132.6490451355074,0.4948488481308936,0.6133875228886785
2001-07-05,196,132.61689715885714,0.5030404987392291,0.615741328106235
2001-07-06,197,133.01213557379867,0.5078401938587407,0.5900933114894228
2001-07-09,198,113.01746248498365,0.6744645834525107,0.9919524963845022
2001-07-10,199,113.54098575777664,0.6782461447795505,0.977630840947713
2001-07-11,200,151.99957074144385,0.38095578776631867,0.5910053005399707
2001-07-12,201,169.6374363402526,0.2489092353948206,0.6703968017042168
2001-07-13,202,180.47056100564342,0.17086856344727447,0.7873165360053274
2001-07-16,203,114.1935233496963,0.704813306748442,0.983378370597387
2001-07-17,204,133.0133184971933,0.5633863611333866,0.8860831448265594
2001-07-18,205,120.05817646684477,0.674141456612343,0.9946007986950578
2001-07-19,206,140.98609722026364,0.515983355394733,0.8365196213333758
2001-07-20,207,146.00012025155277,0.4841260297495812,0.555524809442548
2001-07-23,208,164.31278362675607,0.3467239394701899,0.7782810629698682
2001-07-24,209,145.99986275442163,0.500001089250622,0.5850629843859599
2001-07-25,210,145.99981429531206,0.5079379817832376,0.5747853654521182
2001-07-26,211,145.99996633584914,0.5158732830488164,0.5701655389884009
2001-07-27,212,151.99347391118079,0.47624227054618423,0.6002217267175282
2001-07-30,213,151.99921680788134,0.4841331999374497,0.6055532927423257
2001-07-31,214,149.99091066729457,0.5080086454976621,0.6374475722907328
2001-08-01,215,149.99482441173362,0.5159140919703681,0.6541856141404385
2001-08-02,216,149.99493500562707,0.523849722177563,0.6367831387463205
2001-08-03,217,149.9942279428675,0.5317918417232739,0.6234105675390662
2001-08-06,218,149.99578917791763,0.5397159589054157,0.6401610931264327
2001-08-07,219,149.99634670594574,0.5476480420163037,0.6507841665578334
2001-08-08,220,149.99179027704153,0.555620712086972,0.6253548952034629
2001-08-09,221,149.99014252151505,0.5635702974482932,0.6337100655873402
2001-08-10,222,161.95601335771588,0.4765395765260645,0.7664171177856038
2001-08-13,223,161.94953190445486,0.4845275245678186,0.7966465512773239
2001-08-14,224,161.96666362524329,0.49232806646632316,0.8144117115989057
2001-08-15,225,161.93817884361462,0.5004906440982967,0.8344072009242607
2001-08-16,226,161.97347525091152,0.5081470218181625,0.8479212227728211
2001-08-17,227,161.96737707680566,0.5161319279618598,0.8258160907181679
2001-08-20,228,161.95824567422147,0.5241409073474487,0.8347071825947648
2001-08-21,229,161.95252562615659,0.5321228124908207,0.8389949688871615
2001-08-22,230,161.95921440203614,0.5400062349044751,0.861175349982213
2001-08-23,231,161.9624892407055,0.5479167520578928,0.8864085482380041
2001-08-24,232,161.9818590794741,0.5556995311152849,0.9044814936181621
2001-08-27,233,172.97630459991439,0.4763785349213144,0.9112797552107161
2001-08-28,234,172.9873438313502,0.4842274299099191,0.8970217586340276
2001-08-29,235,161.9830964052203,0.579499234879204,0.9038951389395656
2001-08-30,236,172.98962958137898,0.5000823049096906,0.9017137075771775
2001-08-31,237,172.99171997118464,0.5080022224509155,0.9223347970611141
2001-09-04,238,172.98656276668197,0.5159796605818892,0.8740561117952927
2001-09-05,239,172.9821257075323,0.5239513832735532,0.898341649519893
2001-09-06,240,172.99245723051772,0.5318058949958911,0.8911609490022241
2001-09-07,241,172.98981456584988,0.5397633764615088,0.899648038775949
2001-09-10,242,172.9850675090484,0.5477375594519968,0.9040009174875285
2001-09-11,243,172.97908713045183,0.5557215307106997,0.918467261510318
2001-09-12,244,172.98366527099918,0.5636217041984192,0.8819443696745578
2001-09-13,245,172.9870030158848,0.5715317220961524,0.8597960226670718
2001-09-14,246,172.9811166493156,0.579514947227654,0.8748993883891621
2001-09-17,247,172.98468273154225,0.5874231529242678,0.8976239002907
2001-09-18,248,172.9863275415251,0.5953466068132929,0.8738780147292176
2001-09-19,249,161.97300876577484,0.6906904066208346,0.9362995134746435
2001-09-20,250,163.91700400036618,0.6831983809494748,0.8910980014156674
2001-09-21,251,163.85494371605427,0.6916274308249661,0.9033905484778574
2001-09-24,252,163.82647971400823,0.6997898435396173,0.9067127722426578
2001-09-25,253,149.99232739252844,0.8175212111704092,0.8543645366534525
2001-09-26,254,163.671567517208,0.7168923212920001,0.9291904594121908
2001-09-27,255,172.9884906181067,0.6508849950943912,0.7791940750529092
2001-09-28,256,212.88141473739756,0.3422109941476384,0.9374672597013531
2001-10-01,257,195.98803988661598,0.4842219056617779,0.6297042572037159
2001-10-02,258,196.10818052888868,0.4912049164373914,0.6364155556049014
2001-10-03,259,195.96853361068912,0.5002497332484991,0.6485861623146955
2001-10-04,260,199.44965920936403,0.48055826024314263,0.7187236234753783
2001-10-05,261,195.9758361620201,0.5160647923649199,0.6887545538759348
2001-10-09,262,195.99130228323924,0.5238785533076251,0.6564772397822007
2001-10-10,263,195.97845345808085,0.5319170360469774,0.6796019532699769
2001-10-11,264,195.9815949939402,0.5398286111592047,0.6287895395597466
2001-10-12,265,172.97874579961368,0.7303274142887803,0.8173907125582295
2001-10-15,266,172.98186078592522,0.7382392001117046,0.8177079225779149
2001-10-16,267,195.9641953742755,0.5637762271882897,0.6508307649419364
2001-10-17,268,207.9760887182678,0.47638024826771597,0.6706682246787293
2001-10-18,269,207.9466005580551,0.48455078922178485,0.6732503142490867
2001-10-19,270,212.6659303210662,0.45503229903915704,0.7486896170279812
2001-10-22,271,208.01729870966622,0.4998627086534427,0.6500480386268772
2001-10-23,272,208.04071957906746,0.5076133366740678,0.6451621754713042
2001-10-24,273,208.00766921780675,0.5158121490650258,0.6474736613839254
2001-10-25,274,178.3769201685923,0.7589133319952992,0.8432644010155234
2001-10-26,275,212.59187727617984,0.49530256130016,0.7184651416245589
2001-10-29,276,219.01066870358625,0.45229628013026785,0.6325663652331788
2001-10-30,277,219.00271357060134,0.46029592404284647,0.6307721591191897
2001-10-31,278,237.13537521376327,0.32432241893838676,0.8466881750704782
2001-11-01,279,237.17523362340148,0.3319425902904644,0.7936945703669177
2001-11-02,280,237.15716418045923,0.3400225065042918,0.8597925752999993
2001-11-05,281,219.0218739162542,0.491889889553538,0.6891055259592223
2001-11-06,282,212.57364937312812,0.5510027827529514,0.7739203193013231
2001-11-07,283,212.2167521534604,0.5617718083058699,0.7709323937472715
2001-11-08,284,237.1611228375196,0.37173712033714607,0.8282299347472651
2001-11-09,285,232.1376238499624,0.4195426678574412,0.9107703110663058
2001-11-13,286,232.33832929052346,0.425886275472036,0.957057617181161
2001-11-14,287,237.1590599889417,0.3955630159607802,0.981724638359896
2001-11-15,288,237.19560723909976,0.40320946635635113,0.9992166694388949
2001-11-16,289,237.17695370556942,0.4112940182097665,0.9991174753618607
2001-11-19,290,237.18552374349622,0.41916250997225224,0.9990059882120345
2001-11-20,291,237.18620070063025,0.42709364523309323,0.9984964283738713
2001-11-21,292,237.19155222273216,0.43498768077196703,0.9985020570188521
2001-11-23,293,237.21714654046895,0.44272105920262744,0.9981867300461728
2001-11-26,294,237.20283984390477,0.45077111234996214,0.9971086653163249
2001-11-27,295,237.18221056901643,0.45887134469034574,0.9989447805443115
2001-11-28,296,237.18055233625884,0.4668210132042949,0.9983299559910029
2001-11-29,297,243.469413991745,0.42484592070043653,0.9987648727037809
2001-11-30,298,237.16741447025788,0.4827982978550962,0.9982737344909965
2001-12-03,299,237.17519924286495,0.4906730218820242,0.9992805751568851
2001-12-04,300,237.17772438737472,0.4985894889890895,0.998997363214848
2001-12-05,301,237.2125586558529,0.506249534477358,0.9997915398903937
2001-12-06,302,237.23106947914602,0.5140391311178888,0.9998339282832641
2001-12-07,303,237.25801255804822,0.5217618050948554,0.9997980164567741
2001-12-10,304,243.31142416820865,0.48165536374437584,0.9997473412459446
2001-12-11,305,237.23071735059375,0.5378514495984623,0.9997713772854544
2001-12-12,306,237.20786688863436,0.5459693104076638,0.999776281360058
2001-12-13,307,237.24568487038795,0.5536056756318417,0.9997419761621769
2001-12-14,308,276.60071739883847,0.24920065556477405,0.9999758923523204
2001-12-17,309,286.0518587138749,0.18212810544543748,0.9999442083545182
2001-12-18,310,243.25007590866494,0.529761302312183,0.9997180670686768
2001-12-19,311,237.2508560354902,0.5853106663849985,0.9996281197836256
2001-12-20,312,237.33212403838223,0.5926021901715696,0.9995982134705174
2001-12-21,313,275.06507779431854,0.30107081115620205,0.9999941009143999
2001-12-24,314,274.8710404488073,0.3105472980253387,0.9999920603794852
2001-12-26,315,276.63111398573545,0.30451496836717895,0.9999741264551416
2001-12-27,316,274.9342528455817,0.3259186282096692,0.9999930799941742
2001-12-28,317,274.8591214942585,0.3344514167122342,0.9999931349324922
2001-12-31,318,283.3681740537727,0.2748557614779945,0.9999485410498054
2002-01-02,319,276.6895542580612,0.33579718842808565,0.9999921884329577
2002-01-03,320,276.7016478346368,0.34363771559812073,0.999991514182314
2002-01-04,321,276.6837056200031,0.3517166220634676,0.9999885174027535
2002-01-07,322,276.69897732937307,0.3595319259573566,0.9999902744086998
2002-01-08,323,276.6941638270737,0.367506636293066,0.9999826460539719
2002-01-09,324,276.6726827699157,0.3756136288101929,0.9999752481854871
2002-01-10,325,276.66118098248813,0.38364142077390373,0.9999689926970181
2002-01-11,326,276.6635491719927,0.3915591335556134,0.9999703699839335
2002-01-14,327,276.65432179484435,0.39956887464409246,0.9999495782185978
2002-01-15,328,276.63419215450665,0.4076651416308996,0.999929733290369
2002-01-16,329,276.6223608905217,0.4156955484879231,0.9998806621023525
2002-01-17,330,276.5818651838209,0.42395345092205616,0.999849870328624
2002-01-18,331,283.5044128886196,0.37694910405857474,0.9993750371019509
2002-01-22,332,276.5043853700737,0.4404413859517961,0.9998286227836861
2002-01-23,333,283.48826151175876,0.39295030546223203,0.9992992212327632
2002-01-24,334,276.48097209745976,0.4565002214487321,0.9996473855671375
2002-01-25,335,276.4948067811591,0.4643269303082609,0.9994563408094407
2002-01-28,336,283.51614595742376,0.4165385241474305,0.9974291962635857
2002-01-29,337,276.5354021776875,0.4798777604945436,0.9994870174357084
2002-01-30,338,283.4892793294581,0.43262476722652304,0.9981902513361592
2002-01-31,339,276.48784658878077,0.4961282016763431,0.9990143707022908
2002-02-01,340,276.4863108346698,0.5040768981375414,0.9986969989892064
2002-02-04,341,276.4867937098539,0.5120095737313184,0.9983428828605633
2002-02-05,342,276.46286533599425,0.520135989396871,0.9975110432053766
2002-02-06,343,276.4726462518181,0.5279948710173167,0.9975303573900328
2002-02-07,344,276.4495650674429,0.5361145629568024,0.996185792722513
2002-02-08,345,283.49417813268224,0.4881414433914108,0.9880625911910217
2002-02-11,346,283.1702173308899,0.4986490688024611,0.9830396700679332
2002-02-12,347,276.03036223085746,0.5632510934058932,0.995296279168711
2002-02-13,348,272.4787883033482,0.5993746960051729,0.9965242910539666
2002-02-14,349,276.0363863043617,0.5790762991717324,0.9929715566377199
2002-02-15,350,276.0539298201893,0.5868735728556405,0.9913496380250582
2002-02-19,351,294.0247236544062,0.452184732901538,0.9231967544297357
2002-02-20,352,319.50758606793295,0.2578763010481512,0.9659781482448316
2002-02-21,353,306.4590365599415,0.3693727257147498,0.8909092169347121
2002-02-22,354,294.02071848985486,0.47602604373131063,0.9086133805310035
2002-02-25,355,294.0196195785003,0.4839712731865057,0.9100277523061858
2002-02-26,356,294.0170573849136,0.4919281159927493,0.906534314920578
2002-02-27,357,294.021619411103,0.4998284173721983,0.925659062259898
2002-02-28,358,294.0168784163487,0.507802552251201,0.9269186971120557
2002-03-01,359,276.0156021002548,0.6586063325376603,0.9568489066733554
2002-03-04,360,300.037357436021,0.47589398860300786,0.8383288719153479
2002-03-05,361,294.01300179546354,0.5316428428931466,0.8905943979722531
2002-03-06,362,294.01228195398687,0.539585063857247,0.8917180770894708
2002-03-07,363,283.45925113813234,0.6312757846179973,0.8890979538005286
2002-03-08,364,300.0638316748192,0.5074299073427048,0.7918948604566427
2002-03-11,365,319.9233932470617,0.35775084724554196,0.9515599954556894
2002-03-12,366,319.9329215934793,0.36561173338508485,0.9646317088455398
2002-03-13,367,319.93309302518185,0.373546880752525,0.9623428998898275
2002-03-14,368,313.7337474005342,0.4306845444402049,0.9466149714371633
2002-03-15,369,306.51954822147354,0.4958766014168767,0.918624683973942
2002-03-18,370,319.5075872437279,0.4007334345735879,0.9295550128592114
2002-03-19,371,300.0712972963889,0.5629262119334216,0.8154164093290814
2002-03-20,372,283.47454379480837,0.7025829857554892,0.965245882836574
2002-03-21,373,356.3139096535104,0.13242928846420324,0.9891553639168639
2002-03-22,374,354.14294108746424,0.15759570565504574,0.9854028484673055
2002-03-25,375,352.5464888087156,0.17820246977209847,0.981692123925662
2002-03-26,376,351.9538677470222,0.190842319468078,0.9820287161032211
2002-03-27,377,276.38459618557056,0.7985349509081702,0.9997734927572175
2002-03-28,378,313.9081031163525,0.5086658482829167,0.9061893248408576
2002-04-01,379,306.460707229783,0.5757086727795,0.9514108736443565
2002-04-02,380,316.972787759127,0.5002159701656586,0.8832845905751509
2002-04-03,381,349.61232009415096,0.2491085706813416,0.9694666430458709
2002-04-04,382,313.8599285618737,0.5407942177629073,0.9015768810346247
2002-04-05,383,348.59662956691665,0.2730426224847885,0.964637166417743
2002-04-08,384,348.13330939788966,0.2846562746199233,0.9647284995875803
2002-04-09,385,316.98094775246324,0.5398337479963236,0.9031306808317131
2002-04-10,386,313.78989495505607,0.5730960717852693,0.9333870731614823
2002-04-11,387,346.364150779028,0.3225067398489839,0.9651625457488113
2002-04-12,388,316.9939915951844,0.5635397492445682,0.9362666505135616
2002-04-15,389,313.7353432122617,0.5973385459344311,0.9549250704653695
2002-04-16,390,313.70349658403734,0.6055278048885926,0.9626812814083097
2002-04-17,391,319.500960923599,0.5674526910825477,0.9288040945734253
2002-04-18,392,313.65403558509945,0.6217933683722265,0.9735983446321437
2002-04-19,393,319.4865156426071,0.5834403520428006,0.9496292129237698
2002-04-22,394,327.37587676650594,0.5287628828055084,0.9633952364241836
2002-04-23,395,313.5731730220916,0.6462446585548284,0.98327961604509
2002-04-24,396,319.49801564625795,0.6071586059820797,0.9732076615959379
2002-04-25,397,313.5348381185143,0.662421919694331,0.9887335236814286
2002-04-26,398,313.50803148742455,0.6705711786712337,0.9913488300475666
2002-04-29,399,319.50952344291,0.6308767980721429,0.9886561107189236
2002-04-30,400,313.4440962178698,0.6869516173184936,0.994878253277753
2002-05-01,401,326.00419367733434,0.595204812084648,0.9927042370642396
2002-05-02,402,325.9133892302095,0.6038619902364327,0.9942348412252479
2002-05-03,403,325.6916817661791,0.6135580812208008,0.99563576673512
2002-05-06,404,319.46994141215157,0.6708734808559399,0.9959322477990259
2002-05-07,405,325.9536015079455,0.6273523689845595,0.9944687468247561
2002-05-08,406,326.08327948253583,0.6342596866465411,0.9939113097477081
2002-05-09,407,325.856713536054,0.6439943370154446,0.9950240642931736
2002-05-10,408,325.7366208378175,0.652883961604623,0.9952199741782264
2002-05-13,409,325.93847744951523,0.6592184329403553,0.9956748577750097
2002-05-14,410,325.9674337753291,0.6669251287672295,0.9954644445083837
2002-05-15,411,325.6663783722487,0.6772509652996136,0.9960958163644672
2002-05-16,412,325.4766867025488,0.686692962678184,0.9971161883652542
2002-05-17,413,319.496211725634,0.7420935577330635,0.9973856070923874
2002-05-20,414,324.32799186525074,0.7116826042440417,0.9971555350379279
2002-05-21,415,319.95293020876625,0.7543418237399504,0.9833032432654848
2002-05-22,416,338.7513580732299,0.6130844597362708,0.8960380737580779
2002-05-23,417,338.9068534121505,0.6197868776813452,0.9045874410404935
2002-05-24,418,324.1071717416631,0.7451811766534676,0.9920114504235185
2002-05-28,419,319.9199448748062,0.7863496438507442,0.9926532290427483
2002-05-29,420,322.78588022109653,0.7715406331659005,0.9947453332603523
2002-05-30,421,372.9840975590877,0.3810785908008915,0.99917629207593
2002-05-31,422,359.968666729657,0.492312168812246,0.6803343305982477
2002-06-03,423,312.7572155669035,0.874942733596004,0.9971917747903503
2002-06-04,424,310.0649041916903,0.9042467921294421,0.9868509437834602
2002-06-05,425,320.2269042152861,0.8315325062278882,0.9963531797964539
2002-06-06,426,359.99506793177517,0.5238486672081336,0.7051066913785042
2002-06-07,427,364.6444739832145,0.4948851271173454,0.7361710142165605
2002-06-10,428,364.6579462696223,0.5027147121458547,0.6223755591683063
2002-06-11,429,373.616707139499,0.4395499433373095,0.9993984090369441
2002-06-12,430,364.99303190342295,0.5159283182268021,0.6619124475956635
2002-06-13,431,413.37914320958487,0.13984806976519945,0.9934301033312929
2002-06-14,432,338.95689305633823,0.7384373566957283,0.8180495814214463
2002-06-17,433,319.9728663628773,0.8970407431517674,0.963167324098476
2002-06-18,434,319.9731167985885,0.9049752635032661,0.9559437314292248
2002-06-19,435,372.9663916386624,0.4923302250899809,0.9994047557658188
2002-06-20,436,372.99508419528706,0.5000390143231186,0.9496111080968499
2002-06-21,437,372.99435398575895,0.5079813175733416,0.9169689593463289
2002-06-24,438,372.7399536325768,0.5179368759319299,0.9080434780875434
2002-06-25,439,372.83667050506745,0.5251057896423219,0.9004575083210026
2002-06-26,440,372.99100677975883,0.5318174065098505,0.8902559729413227
2002-06-27,441,372.9992994149843,0.5396880998810769,0.8762688030729019
2002-06-28,442,372.99040917714734,0.5476951652607354,0.8933554266894731
2002-07-01,443,372.7151825274975,0.5578160116865276,0.8586087158347804
2002-07-02,444,372.99986282265655,0.5634931522011385,0.8776178059641728
2002-07-03,445,372.977538510072,0.5716068372216507,0.8813986307114541
2002-07-05,446,372.99422203598164,0.579410936222368,0.8317027150753536
2002-07-08,447,372.9870997392797,0.587403970323177,0.8489149033004693
2002-07-09,448,372.98604821596126,0.5953488236828471,0.866156600719626
2002-07-10,449,372.99167767468145,0.603240653375544,0.8474044209158061
2002-07-11,450,372.97338018016023,0.6113223795225379,0.8747471805347229
2002-07-12,451,372.9908454283373,0.6191202743782753,0.8950998869710985
2002-07-15,452,372.9713093965412,0.6272118301861811,0.9020111727767663
2002-07-16,453,372.9816440428286,0.6350663171204081,0.8739784880029191
2002-07-17,454,372.98760548608493,0.642955512015199,0.8954178619540067
2002-07-18,455,372.98870062287983,0.6508833283898426,0.9092911703876418
2002-07-19,456,372.9835142238284,0.6588609982235839,0.9289682119527481
2002-07-22,457,372.98910286814635,0.6667531518401083,0.9257607848828444
2002-07-23,458,372.99025974222286,0.6746804782363265,0.9399709982126532
2002-07-24,459,372.9824906294977,0.6826786457976373,0.9551518367538087
2002-07-25,460,372.9913888588813,0.6905445328660215,0.9580396739804445
2002-07-26,461,372.98663737797034,0.6985187509684894,0.9692769749346202
2002-07-29,462,372.9876669965508,0.706447087328962,0.9481392099238213
2002-07-30,463,372.9911892333888,0.7143556410048507,0.9599717397224724
2002-07-31,464,372.9912557003377,0.7222916214258911,0.9276145907521911
2002-08-01,465,372.9901855032108,0.7302366229903905,0.9377874050262356
2002-08-02,466,372.994855220315,0.7381360696800396,0.9349756790819321
2002-08-05,467,372.9939846807723,0.7460794866605371,0.9447344949441668
2002-08-06,468,392.72438202948723,0.5974255394485141,0.9635173465483742
2002-08-07,469,373.82475780899676,0.7553590650079622,0.9214892278185763
2002-08-08,470,431.0324776245202,0.30926605059904605,0.8860037368558479
2002-08-09,471,431.00384209490596,0.3174298246436035,0.9016105721079819
2002-08-12,472,431.0234623770326,0.3252106160552967,0.8816497623878299
2002-08-13,473,461.0254237990038,0.09503631905552526,0.8547859698144301
2002-08-14,474,431.0191974086806,0.3411174808834872,0.8527973055415143
2002-08-15,475,431.0189071964494,0.3490562920916715,0.8551918976679436
2002-08-16,476,461.00607832047825,0.11899937840890276,0.8835763909766756
2002-08-19,477,431.01114544997694,0.3649909091271672,0.8741816976924879
2002-08-20,478,431.040326653897,0.3726958202071666,0.8862795779635299
2002-08-21,479,431.0136967668168,0.380843676453835,0.8620513560988201
2002-08-22,480,431.0389049056373,0.3885801197965293,0.8566683001173445
2002-08-23,481,422.68680395803557,0.4628031431901939,0.9587472186489153
2002-08-26,482,431.0320186318937,0.40450778863576414,0.8101571832104006
2002-08-27,483,431.0185925004441,0.4125508531710788,0.8122254237253665
2002-08-28,484,431.0121098314395,0.42053881086159134,0.8182876952133418
2002-08-29,485,431.0482920800283,0.42818815809501337,0.7985362648143326
2002-08-30,486,422.3464178200528,0.5051871601583111,0.9511133068188815
2002-09-03,487,422.31280523689793,0.5133904346277942,0.9587404550347913
2002-09-04,488,431.0200445819371,0.4522218683973246,0.7987616799738364
2002-09-05,489,421.37292011996635,0.5367228561907432,0.9541125306049166
2002-09-06,490,423.165971889088,0.5304287945310477,0.9624795188982201
2002-09-09,491,431.0136613521113,0.47608205276102156,0.876456308513329
2002-09-10,492,431.01092737847364,0.4840402589010029,0.8521023983782008
2002-09-11,493,422.62186805077954,0.5585566027715909,0.9562675012944652
2002-09-12,494,431.04565660545745,0.4996376459884329,0.8319597641117358
2002-09-13,495,423.2381844798009,0.5695382184142785,0.9594024487322063
2002-09-16,496,431.0258524344842,0.515667837821554,0.8563622927330734
2002-09-17,497,431.0310488991347,0.5235631039751214,0.8775818442105217
2002-09-18,498,431.0224838537017,0.5315675884626848,0.8513770308569852
2002-09-19,499,431.0088446481369,0.5396123440624054,0.9993787860639677
2002-09-20,500,461.0154583252697,0.3094011244026213,0.9412257233408187
2002-09-23,501,445.00475149991155,0.4444067341276861,0.7966520040401808
2002-09-24,502,461.0051931333789,0.3253556100525484,0.919276557932522
2002-09-25,503,461.0147540621205,0.33321623760221813,0.9364381214983648
2002-09-26,504,445.00647569768455,0.46820257382790037,0.7709241191490575
2002-09-27,505,445.00779259138983,0.47612863022706486,0.7640990155885552
2002-09-30,506,445.0114235797464,0.48403632079566344,0.7453598650286546
2002-10-01,507,445.0098343553102,0.4919854416245222,0.7719255665718632
2002-10-02,508,445.01392392678616,0.4998894926445543,0.7576741004210017
2002-10-03,509,445.0013205003267,0.5079260277751849,0.7277933240624475
2002-10-04,510,461.011801821307,0.3887952236404205,0.8704765720723422
2002-10-07,511,461.0070217344227,0.3967696687744228,0.8621218100767364
2002-10-08,512,461.0112164378037,0.4046728854142565,0.8461485749862289
2002-10-09,513,426.0011966180297,0.6904666935077006,0.9897226440251505
2002-10-10,514,461.01311462891107,0.4205308362784836,0.8227679845606759
2002-10-11,515,461.0118573682272,0.4284773224743873,0.8445670325705337
2002-10-14,516,461.00994911200405,0.43642897530155517,0.8172801141305472
2002-10-15,517,461.01300934788384,0.4443411956517156,0.8980407006341506
2002-10-16,518,461.01323332173615,0.45227592601796707,0.8836875115525477
2002-10-17,519,461.3308871853451,0.4576913715448802,0.8449342223718951
2002-10-18,520,461.0099483336255,0.46817501322519434,0.8454755493597838
2002-10-21,521,461.0121539257691,0.47609401646215,0.8310509661598671
2002-10-22,522,461.00906176853846,0.48405506532905984,0.8026845038411252
2002-10-23,523,461.00866642422903,0.4919947109188172,0.786103558490089
2002-10-24,524,461.008207801141,0.4999348587211032,0.7717202526513937
2002-10-25,525,461.01897020875157,0.5077859507241939,0.7506553636405362
2002-10-28,526,461.00465911263524,0.5158360387886092,0.7302583013369534
2002-10-29,527,461.00619436902093,0.5237603621506275,0.740774512114249
2002-10-30,528,461.00791107410504,0.5316832454436108,0.7144664980455722
2002-10-31,529,461.0078593272437,0.5396201640694945,0.7083687888263579
2002-11-01,530,461.03374222342416,0.5473512521950464,0.6962496730120449
2002-11-04,531,461.00573607881586,0.5555100311205091,0.6805304903097
2002-11-05,532,471.9999216539986,0.4761910979841379,0.6017305218654415
2002-11-06,533,471.9997291425991,0.484129133788896,0.589476833308627
2002-11-07,534,471.999910631687,0.4920642013358176,0.5860037684636997
2002-11-08,535,471.7447432203396,0.5020258474576221,0.5190896902833636
2002-11-11,536,471.99970516760305,0.5079388478761663,0.591637736400583
2002-11-12,537,471.9981245210984,0.515887900626203,0.5919474579791679
2002-11-13,538,471.67587857748646,0.5263819160516948,0.5320521882016884
2002-11-14,539,471.99995970539413,0.531746351544491,0.5810944058532175
2002-11-15,540,481.97947745077676,0.460480337692248,0.6129744324636486
2002-11-18,541,481.9681586648021,0.4685066772634754,0.6267136878602442
2002-11-19,542,481.8489341393482,0.4773894115924745,0.6457132780290837
2002-11-20,543,481.97666330175724,0.4843121960177997,0.6344594140632693
2002-11-21,544,481.9819369796128,0.4922068493681525,0.6418329097607547
2002-11-22,545,481.82432289349043,0.5013942627500759,0.6654209488468878
2002-11-25,546,481.8092898593681,0.5094500804812055,0.7082673225859255
2002-11-26,547,481.01350562501443,0.5237023363094093,0.6374420012867503
2002-11-27,548,481.9750040888681,0.5240079040566024,0.6363265309501579
2002-11-29,549,481.7993180941771,0.5333387452843086,0.6587313248540293
2002-12-02,550,481.7830310922081,0.5414045151412056,0.6839166539883637
2002-12-03,551,490.98603379540265,0.47630131908410595,0.712282927015035
2002-12-04,552,490.9850891109808,0.4842453245160252,0.7263826169814269
2002-12-05,553,490.98301803204663,0.4921982695869315,0.7448889229053952
2002-12-06,554,490.98206188481674,0.5001423659935179,0.7600591283494729
2002-12-09,555,490.9811890833976,0.5080858009254157,0.7835890704975154
2002-12-10,556,490.9786163476131,0.5160427273998959,0.8115864234850639
2002-12-11,557,503.97881018233494,0.42080309379099257,0.7172656999014889
2002-12-12,558,490.9825016795771,0.5318849073049434,0.8574103105516167
2002-12-13,559,481.6039565955677,0.6142543127335898,0.8661964405085599
2002-12-16,560,490.9852823569767,0.5477358543097086,0.8724434100846884
2002-12-17,561,490.98169074478676,0.555700867104867,0.8945787161950369
2002-12-18,562,480.1470222018488,0.6496268079218348,0.8816271712071985
2002-12-19,563,490.99039653332454,0.5715047894180592,0.7214594857812007
2002-12-20,564,509.70714749102785,0.43089565483311226,0.7406694558216487
2002-12-23,565,503.99197672674586,0.4841906608988424,0.6210398148374856
2002-12-24,566,509.6305836449693,0.4473763202780214,0.7481928586747457
2002-12-26,567,503.9153061063284,0.5006721737592985,0.5935912378020771
2002-12-27,568,507.9067579690043,0.47693049230948986,0.6041981332162393
2002-12-30,569,509.66663954199254,0.4708996861746624,0.7542237369998464
2002-12-31,570,509.59643063889536,0.4793934076278146,0.7615432387557896
2003-01-02,571,509.84903194192873,0.48532514331802595,0.7551944880380173
2003-01-03,572,503.9998347579531,0.5396838511273562,0.6160565450180607
2003-01-06,573,509.82662809893475,0.5013759674687719,0.7498452050580289
2003-01-07,574,509.76975730461936,0.5097638309157193,0.751791093166706
2003-01-08,575,509.7239434810367,0.5180639406266928,0.7573623251765567
2003-01-09,576,509.8572789674596,0.5249422304169874,0.7410238644527081
2003-01-10,577,509.7738893183516,0.5335405609654633,0.7405176788017442
2003-01-13,578,509.70607310397094,0.5420152928256274,0.7430690517018566
2003-01-14,579,509.6460392385241,0.5504282600117134,0.7582384826924358
2003-01-15,580,522.3689978530876,0.4573889059278758,0.6725163601015501
2003-01-16,581,522.3121349131005,0.46577670703888474,0.6853223311105796
2003-01-17,582,522.2949362569171,0.47384971224668937,0.6933314641854822
2003-01-21,583,519.9802428377222,0.5001568028752202,0.6809127772856522
2003-01-22,584,519.9987314552976,0.5079465757516062,0.6901060155081092
2003-01-23,585,519.9823121369723,0.5160133957383153,0.7007817597583479
2003-01-24,586,519.9846531809427,0.5239313239607722,0.7232478511501779
2003-01-27,587,519.991919401421,0.5318101634807857,0.7421906109233307
2003-01-28,588,519.9921351337126,0.539744959256249,0.7686856487940105
2003-01-29,589,519.9821470390883,0.5477607377850133,0.7265232603898585
2003-01-30,590,519.9847730710941,0.5556764041976661,0.7474638657766043
2003-01-31,591,527.9838334177534,0.5001283062083061,0.6905753350249174
2003-02-03,592,527.9801578300053,0.5080939854761486,0.7110517408439709
2003-02-04,593,527.9887062899256,0.5159626484926537,0.6800581807079462
2003-02-05,594,519.9884418269722,0.5873933188335537,0.7326669115667499
2003-02-06,595,527.9864141461298,0.5318538559830964,0.6608676450917904
2003-02-07,596,527.9859893742127,0.5397937351252956,0.6645874861040068
2003-02-10,597,536.1113405763272,0.4832433287593082,0.7016365545391318
2003-02-11,598,536.1538665787006,0.49084232874047173,0.6847563646128216
2003-02-12,599,536.1479859833738,0.49882550806846176,0.671114197450067
2003-02-13,600,531.9517671160849,0.5400653403485329,0.6383481395604467
2003-02-14,601,527.986281312116,0.5794739578403489,0.6647375766771437
2003-02-18,602,534.9927715025447,0.5318034007734551,0.6199358068642569
2003-02-19,603,539.9996397488513,0.5000028591361005,0.6257450727579957
2003-02-20,604,548.9896904104473,0.43658975864724336,0.7614741530045671
2003-02-21,605,539.9981316994389,0.515887843655247,0.6191777529339195
2003-02-24,606,539.8084253036532,0.5253299579075146,0.5884998228771658
2003-02-25,607,544.9979211701198,0.4920799907133353,0.6217254007114277
2003-02-26,608,544.9995327553453,0.5000037082909105,0.6317575755730327
2003-02-27,609,539.7554112921757,0.5495602278398752,0.6289804334282084
2003-02-28,610,544.0993343652896,0.5230211558310353,0.6137432690384038
2003-03-03,611,548.9955119917965,0.49209911117621785,0.8366936694025338
2003-03-04,612,548.9726538166608,0.5002170332011048,0.8535216032444484
2003-03-05,613,548.992218947574,0.5079982623208414,0.8771495168078557
2003-03-06,614,548.9923112146096,0.5159340379792892,0.8199017325784033
2003-03-07,615,548.9936779726016,0.5238596986301458,0.8443422237470568
2003-03-10,616,548.9941852075657,0.5317921808923358,0.8615755162573997
2003-03-11,617,548.9912274748846,0.5397521628977415,0.853248395554895
2003-03-12,618,548.9690187001856,0.5478649309509076,0.8751038237597533
2003-03-13,619,548.768474100219,0.5573930626966745,0.7815174030778689
2003-03-14,620,548.9897307342854,0.5635735656009092,0.8094743938373747
2003-03-17,621,548.9915536509404,0.5714956059449172,0.7717341431738849
2003-03-18,622,548.9932383644783,0.5794187431390609,0.7662891174847081
2003-03-19,623,548.9922068942591,0.5873634373471501,0.7778952036135506
2003-03-20,624,548.9917540626444,0.5953035391853617,0.8096437637047452
2003-03-21,625,556.7462096172297,0.5416967490696053,0.7384600755623836
2003-03-24,626,556.7062283682559,0.5499505685059056,0.7470479929429306
2003-03-25,627,567.0001886989822,0.47618897857950604,0.5863404495290746
2003-03-26,628,567.0004152113435,0.48412368879886136,0.5845669488900203
2003-03-27,629,567.0009951611571,0.49205559395907056,0.5797465991799491
2003-03-28,630,567.0002131055558,0.49999830868606543,0.5826943516708035
2003-03-31,631,567.000672142839,0.5079311734695318,0.5808456980240784
2003-04-01,632,567.0003703235925,0.5158700767968849,0.5792970440090626
2003-04-02,633,567.0002666128639,0.5238074078344133,0.5806687700338283
2003-04-03,634,571.6993328087286,0.4944497396132649,0.5821442671844469
2003-04-04,635,571.7371390718471,0.5020861978424834,0.6068831662147185
2003-04-07,636,571.7112931606611,0.5102278320582456,0.6238387129912215
2003-04-08,637,571.7464952573073,0.517884958275339,0.6354771812622376
2003-04-09,638,571.7444318642362,0.525837842347332,0.6549927012392598
2003-04-10,639,576.9891321204441,0.49214974507584064,0.7766510450612623
2003-04-11,640,576.9880962622958,0.5000944741087634,0.7857054932473988
2003-04-14,641,576.9871407551724,0.5080385654351398,0.8004083921972542
2003-04-15,642,576.9854235544925,0.5159887019484721,0.7917823523655713
2003-04-16,643,576.9860214212605,0.523920464910631,0.8187836534910041
2003-04-17,644,576.9879940202436,0.5318413172996539,0.7394380883935047
2003-04-21,645,576.9889939686162,0.5397698891379664,0.7640156413887578
